title,price,link,location
"Крутые игровые ноутбуки i5, i7, Ryzen, RTX, GTX",39 900 ₽,https://www.avito.ru/novosibirsk/noutbuki/krutye_igrovye_noutbuki_i5_i7_ryzen_rtx_gtx_3784175833?context=H4sIAAAAAAAA_wE_AMD_YToyOntzOjEzOiJsb2NhbFByaW9yaXR5IjtiOjA7czoxOiJ4IjtzOjE2OiJGQTJvbTNPRVY2aUc3UjBvIjt9dI6jGT8AAAA,"Студенческая, 11–15 мин."
"Игровой ноутбук - рассрочка, гарантия, новые и б/у",36 000 ₽,https://www.avito.ru/novosibirsk/noutbuki/igrovoy_noutbuk_-_rassrochka_garantiya_novye_i_bu_3540045272?context=H4sIAAAAAAAA_wE_AMD_YToyOntzOjEzOiJsb2NhbFByaW9yaXR5IjtiOjA7czoxOiJ4IjtzOjE2OiJGQTJvbTNPRVY2aUc3UjBvIjt9dI6jGT8AAAA,
Ноутбук HP Pavilion Gaming Laptop 15,35 000 ₽,https://www.avito.ru/novosibirsk/noutbuki/noutbuk_hp_pavilion_gaming_laptop_15_4580432890?context=H4sIAAAAAAAA_wE_AMD_YToyOntzOjEzOiJsb2NhbFByaW9yaXR5IjtiOjA7czoxOiJ4IjtzOjE2OiJGQTJvbTNPRVY2aUc3UjBvIjt9dI6jGT8AAAA,
Ноутбук machcreator genesis n15,50 000 ₽,https://www.avito.ru/novosibirsk/noutbuki/noutbuk_machcreator_genesis_n15_4511360534?context=H4sIAAAAAAAA_wE_AMD_YToyOntzOjEzOiJsb2NhbFByaW9yaXR5IjtiOjA7czoxOiJ4IjtzOjE2OiJGQTJvbTNPRVY2aUc3UjBvIjt9dI6jGT8AAAA,"Площадь Маркса, от 31 мин."
Игоровой ноутбук Thunderobot plus pro 911 новый,70 000 ₽,https://www.avito.ru/novosibirsk/noutbuki/igorovoy_noutbuk_thunderobot_plus_pro_911_novyy_4723205452?context=H4sIAAAAAAAA_wE_AMD_YToyOntzOjEzOiJsb2NhbFByaW9yaXR5IjtiOjA7czoxOiJ4IjtzOjE2OiJGQTJvbTNPRVY2aUc3UjBvIjt9dI6jGT8AAAA,"Берёзовая роща, 16–20 мин."
Игровой ноутбук Miabenben (RTX 3050),52 999 ₽,https://www.avito.ru/novosibirsk/noutbuki/igrovoy_noutbuk_miabenben_rtx_3050_4360458568?context=H4sIAAAAAAAA_wE_AMD_YToyOntzOjEzOiJsb2NhbFByaW9yaXR5IjtiOjA7czoxOiJ4IjtzOjE2OiJGQTJvbTNPRVY2aUc3UjBvIjt9dI6jGT8AAAA,
Ноутбук Acer Extensa i5/8-512gb/FHD,37 755 ₽,https://www.avito.ru/novosibirsk/noutbuki/noutbuk_acer_extensa_i58-512gbfhd_4340981983?context=H4sIAAAAAAAA_wE_AMD_YToyOntzOjEzOiJsb2NhbFByaW9yaXR5IjtiOjA7czoxOiJ4IjtzOjE2OiJGQTJvbTNPRVY2aUc3UjBvIjt9dI6jGT8AAAA,
Ноутбук Lenovo ideapad 3-15IML05 Laptop,35 000 ₽,https://www.avito.ru/novosibirsk/noutbuki/noutbuk_lenovo_ideapad_3-15iml05_laptop_4556634913?context=H4sIAAAAAAAA_wE_AMD_YToyOntzOjEzOiJsb2NhbFByaW9yaXR5IjtiOjA7czoxOiJ4IjtzOjE2OiJGQTJvbTNPRVY2aUc3UjBvIjt9dI6jGT8AAAA,"Золотая Нива, от 31 мин."
Ноутбук hp probook 450 g8,38 000 ₽,https://www.avito.ru/novosibirsk/noutbuki/noutbuk_hp_probook_450_g8_4639541187?context=H4sIAAAAAAAA_wE_AMD_YToyOntzOjEzOiJsb2NhbFByaW9yaXR5IjtiOjA7czoxOiJ4IjtzOjE2OiJGQTJvbTNPRVY2aUc3UjBvIjt9dI6jGT8AAAA,"Сибирская, 6–10 мин."
Игровой ноутбук 17.3 MSI Katana GF76 B12UCR,65 000 ₽,https://www.avito.ru/novosibirsk/noutbuki/igrovoy_noutbuk_17.3_msi_katana_gf76_b12ucr_4555141061?context=H4sIAAAAAAAA_wE_AMD_YToyOntzOjEzOiJsb2NhbFByaW9yaXR5IjtiOjA7czoxOiJ4IjtzOjE2OiJGQTJvbTNPRVY2aUc3UjBvIjt9dI6jGT8AAAA,"Студенческая, 6–10 мин."
Ноутбук Huawei Matebook 15 BoDE-WDH9 серый,39 000 ₽,https://www.avito.ru/novosibirsk/noutbuki/noutbuk_huawei_matebook_15_bode-wdh9_seryy_3621252336?context=H4sIAAAAAAAA_wE_AMD_YToyOntzOjEzOiJsb2NhbFByaW9yaXR5IjtiOjA7czoxOiJ4IjtzOjE2OiJGQTJvbTNPRVY2aUc3UjBvIjt9dI6jGT8AAAA,"Речной вокзал, 21–30 мин."
Ноутбук honor MagicBook X14,45 000 ₽,https://www.avito.ru/novosibirsk/noutbuki/noutbuk_honor_magicbook_x14_4628458135?context=H4sIAAAAAAAA_wE_AMD_YToyOntzOjEzOiJsb2NhbFByaW9yaXR5IjtiOjA7czoxOiJ4IjtzOjE2OiJGQTJvbTNPRVY2aUc3UjBvIjt9dI6jGT8AAAA,
Игровой ноутбук/ RTX 3050 Ti / Asus TUF Dash F15,49 000 ₽,https://www.avito.ru/novosibirsk/noutbuki/igrovoy_noutbuk_rtx_3050_ti_asus_tuf_dash_f15_4971738714?context=H4sIAAAAAAAA_wE_AMD_YToyOntzOjEzOiJsb2NhbFByaW9yaXR5IjtiOjA7czoxOiJ4IjtzOjE2OiJGQTJvbTNPRVY2aUc3UjBvIjt9dI6jGT8AAAA,
New ноутбук Acer Aspire 15 Core i7-150U/16/512GB,49 999 ₽,https://www.avito.ru/novosibirsk/noutbuki/new_noutbuk_acer_aspire_15_core_i7-150u16512gb_4752289483?context=H4sIAAAAAAAA_wE_AMD_YToyOntzOjEzOiJsb2NhbFByaW9yaXR5IjtiOjA7czoxOiJ4IjtzOjE2OiJGQTJvbTNPRVY2aUc3UjBvIjt9dI6jGT8AAAA,
Игровой Пк i5-10400F RTX 3060 16GB,47 490 ₽,https://www.avito.ru/novosibirsk/nastolnye_kompyutery/igrovoy_pk_i5-10400f_rtx_3060_16gb_2643640280?context=H4sIAAAAAAAA_wE_AMD_YToyOntzOjEzOiJsb2NhbFByaW9yaXR5IjtiOjA7czoxOiJ4IjtzOjE2OiJGQTJvbTNPRVY2aUc3UjBvIjt9dI6jGT8AAAA,
Ноутбук asus Vivobook Go 15 8/512 E1504FA-BQ1142,31 350 ₽,https://www.avito.ru/novosibirsk/noutbuki/noutbuk_asus_vivobook_go_15_8512_e1504fa-bq1142_4659230630?context=H4sIAAAAAAAA_wE_AMD_YToyOntzOjEzOiJsb2NhbFByaW9yaXR5IjtiOjA7czoxOiJ4IjtzOjE2OiJGQTJvbTNPRVY2aUc3UjBvIjt9dI6jGT8AAAA,"Золотая Нива, до 5 мин."
Новый ноутбук. Обмен,46 300 ₽,https://www.avito.ru/novosibirsk/noutbuki/novyy_noutbuk._obmen_3422139779?context=H4sIAAAAAAAA_wE_AMD_YToyOntzOjEzOiJsb2NhbFByaW9yaXR5IjtiOjA7czoxOiJ4IjtzOjE2OiJGQTJvbTNPRVY2aUc3UjBvIjt9dI6jGT8AAAA,
Игровой ноутбук,60 000 ₽,https://www.avito.ru/novosibirsk/noutbuki/igrovoy_noutbuk_4406839073?context=H4sIAAAAAAAA_wE_AMD_YToyOntzOjEzOiJsb2NhbFByaW9yaXR5IjtiOjA7czoxOiJ4IjtzOjE2OiJGQTJvbTNPRVY2aUc3UjBvIjt9dI6jGT8AAAA,
Ноутбук Honor MagicBook 14 Ryzen 5 5500U 16/512GB,40 000 ₽,https://www.avito.ru/novosibirsk/noutbuki/noutbuk_honor_magicbook_14_ryzen_5_5500u_16512gb_4550755195?context=H4sIAAAAAAAA_wE_AMD_YToyOntzOjEzOiJsb2NhbFByaW9yaXR5IjtiOjA7czoxOiJ4IjtzOjE2OiJGQTJvbTNPRVY2aUc3UjBvIjt9dI6jGT8AAAA,"Октябрьская, 11–15 мин."
Сканер Scania VCI 3 + Ноутбук с программой sdp3,50 000 ₽,https://www.avito.ru/novosibirsk/zapchasti_i_aksessuary/skaner_scania_vci_3_noutbuk_s_programmoy_sdp3_4335805888?context=H4sIAAAAAAAA_wE_AMD_YToyOntzOjEzOiJsb2NhbFByaW9yaXR5IjtiOjA7czoxOiJ4IjtzOjE2OiJGQTJvbTNPRVY2aUc3UjBvIjt9dI6jGT8AAAA,
Ноутбук,31 000 ₽,https://www.avito.ru/novosibirsk/noutbuki/noutbuk_4405588696?context=H4sIAAAAAAAA_wE_AMD_YToyOntzOjEzOiJsb2NhbFByaW9yaXR5IjtiOjA7czoxOiJ4IjtzOjE2OiJGQTJvbTNPRVY2aUc3UjBvIjt9dI6jGT8AAAA,р-н Первомайский
Ноутбук,40 000 ₽,https://www.avito.ru/novosibirsk/noutbuki/noutbuk_4622439804?context=H4sIAAAAAAAA_wE_AMD_YToyOntzOjEzOiJsb2NhbFByaW9yaXR5IjtiOjA7czoxOiJ4IjtzOjE2OiJGQTJvbTNPRVY2aUc3UjBvIjt9dI6jGT8AAAA,
Ноутбук игровой Acer Nitro 5 AN515-45-R6XD (24гб),65 000 ₽,https://www.avito.ru/novosibirsk/noutbuki/noutbuk_igrovoy_acer_nitro_5_an515-45-r6xd_24gb_4977995553?context=H4sIAAAAAAAA_wE_AMD_YToyOntzOjEzOiJsb2NhbFByaW9yaXR5IjtiOjA7czoxOiJ4IjtzOjE2OiJGQTJvbTNPRVY2aUc3UjBvIjt9dI6jGT8AAAA,"Маршала Покрышкина, до 5 мин."
Ноутбук,37 000 ₽,https://www.avito.ru/novosibirsk/noutbuki/noutbuk_4470041915?context=H4sIAAAAAAAA_wE_AMD_YToyOntzOjEzOiJsb2NhbFByaW9yaXR5IjtiOjA7czoxOiJ4IjtzOjE2OiJGQTJvbTNPRVY2aUc3UjBvIjt9dI6jGT8AAAA,р-н Кировский
HP Pavilion Gaming 17.3 i7-9750H GTX 1660 Ti Max-Q,64 125 ₽,https://www.avito.ru/novosibirsk/noutbuki/hp_pavilion_gaming_17.3_i7-9750h_gtx_1660_ti_max-q_4243046817?context=H4sIAAAAAAAA_wE_AMD_YToyOntzOjEzOiJsb2NhbFByaW9yaXR5IjtiOjA7czoxOiJ4IjtzOjE2OiJGQTJvbTNPRVY2aUc3UjBvIjt9dI6jGT8AAAA,
"New Ноутбук 16"" Lenovo IdeaPad i5-1335U 8/512",36 999 ₽,https://www.avito.ru/novosibirsk/noutbuki/new_noutbuk_16_lenovo_ideapad_i5-1335u_8512_4752151076?context=H4sIAAAAAAAA_wE_AMD_YToyOntzOjEzOiJsb2NhbFByaW9yaXR5IjtiOjA7czoxOiJ4IjtzOjE2OiJGQTJvbTNPRVY2aUc3UjBvIjt9dI6jGT8AAAA,
Asus Vivobook Pro 16X oled Core i7 RTX 3050 4k,65 000 ₽,https://www.avito.ru/novosibirsk/noutbuki/asus_vivobook_pro_16x_oled_core_i7_rtx_3050_4k_4805707275?context=H4sIAAAAAAAA_wE_AMD_YToyOntzOjEzOiJsb2NhbFByaW9yaXR5IjtiOjA7czoxOiJ4IjtzOjE2OiJGQTJvbTNPRVY2aUc3UjBvIjt9dI6jGT8AAAA,
New Ноутбук huawei matebook 14 i3-1215u 8/256,32 999 ₽,https://www.avito.ru/novosibirsk/noutbuki/new_noutbuk_huawei_matebook_14_i3-1215u_8256_4720077476?context=H4sIAAAAAAAA_wE_AMD_YToyOntzOjEzOiJsb2NhbFByaW9yaXR5IjtiOjA7czoxOiJ4IjtzOjE2OiJGQTJvbTNPRVY2aUc3UjBvIjt9dI6jGT8AAAA,
Ноутбук Fujitsu Lifebook A512,37 000 ₽,https://www.avito.ru/novosibirsk/noutbuki/noutbuk_fujitsu_lifebook_a512_4755393065?context=H4sIAAAAAAAA_wE_AMD_YToyOntzOjEzOiJsb2NhbFByaW9yaXR5IjtiOjA7czoxOiJ4IjtzOjE2OiJGQTJvbTNPRVY2aUc3UjBvIjt9dI6jGT8AAAA,
Ноутбук acer extensa 15 новый,35 000 ₽,https://www.avito.ru/novosibirsk/noutbuki/noutbuk_acer_extensa_15_novyy_4461458799?context=H4sIAAAAAAAA_wE_AMD_YToyOntzOjEzOiJsb2NhbFByaW9yaXR5IjtiOjA7czoxOiJ4IjtzOjE2OiJGQTJvbTNPRVY2aUc3UjBvIjt9dI6jGT8AAAA,р-н Советский
Ноутбук hiper slim,33 000 ₽,https://www.avito.ru/novosibirsk/noutbuki/noutbuk_hiper_slim_4696280440?context=H4sIAAAAAAAA_wE_AMD_YToyOntzOjEzOiJsb2NhbFByaW9yaXR5IjtiOjA7czoxOiJ4IjtzOjE2OiJGQTJvbTNPRVY2aUc3UjBvIjt9dI6jGT8AAAA,
Игровой ноутбук thunderobot 911s core d,57 000 ₽,https://www.avito.ru/novosibirsk/noutbuki/igrovoy_noutbuk_thunderobot_911s_core_d_5121981554?context=H4sIAAAAAAAA_wE_AMD_YToyOntzOjEzOiJsb2NhbFByaW9yaXR5IjtiOjA7czoxOiJ4IjtzOjE2OiJGQTJvbTNPRVY2aUc3UjBvIjt9dI6jGT8AAAA,
Новый Lenovo/ 6 ядер/ 8Гб DDR4/ 256 SSD на гаранти,27 300 ₽,https://www.avito.ru/novosibirsk/noutbuki/novyy_lenovo_6_yader_8gb_ddr4_256_ssd_na_garanti_4791944747?context=H4sIAAAAAAAA_wE_AMD_YToyOntzOjEzOiJsb2NhbFByaW9yaXR5IjtiOjA7czoxOiJ4IjtzOjE2OiJGQTJvbTNPRVY2aUc3UjBvIjt9dI6jGT8AAAA,
Ноутбук honor bmh-wdq9hn,30 000 ₽,https://www.avito.ru/novosibirsk/noutbuki/noutbuk_honor_bmh-wdq9hn_4614599698?context=H4sIAAAAAAAA_wE_AMD_YToyOntzOjEzOiJsb2NhbFByaW9yaXR5IjtiOjA7czoxOiJ4IjtzOjE2OiJGQTJvbTNPRVY2aUc3UjBvIjt9dI6jGT8AAAA,р-н Кировский
Acer aspire 7 a715 42g,37 000 ₽,https://www.avito.ru/novosibirsk/noutbuki/acer_aspire_7_a715_42g_4556879965?context=H4sIAAAAAAAA_wE_AMD_YToyOntzOjEzOiJsb2NhbFByaW9yaXR5IjtiOjA7czoxOiJ4IjtzOjE2OiJGQTJvbTNPRVY2aUc3UjBvIjt9dI6jGT8AAAA,
Ноутбук lenovo v15 g4,30 000 ₽,https://www.avito.ru/novosibirsk/noutbuki/noutbuk_lenovo_v15_g4_4961699019?context=H4sIAAAAAAAA_wE_AMD_YToyOntzOjEzOiJsb2NhbFByaW9yaXR5IjtiOjA7czoxOiJ4IjtzOjE2OiJGQTJvbTNPRVY2aUc3UjBvIjt9dI6jGT8AAAA,
Мощный игровой компьютер Ryzen5 2600\3050\16gb,43 900 ₽,https://www.avito.ru/novosibirsk/nastolnye_kompyutery/moschnyy_igrovoy_kompyuter_ryzen5_2600305016gb_4405124119?context=H4sIAAAAAAAA_wE_AMD_YToyOntzOjEzOiJsb2NhbFByaW9yaXR5IjtiOjA7czoxOiJ4IjtzOjE2OiJGQTJvbTNPRVY2aUc3UjBvIjt9dI6jGT8AAAA,
"Ноутбук Lenovo IdeaPad 5 15.6"", Intel Core i5",45 000 ₽,https://www.avito.ru/novosibirsk/noutbuki/noutbuk_lenovo_ideapad_5_15.6_intel_core_i5_4537092112?context=H4sIAAAAAAAA_wE_AMD_YToyOntzOjEzOiJsb2NhbFByaW9yaXR5IjtiOjA7czoxOiJ4IjtzOjE2OiJGQTJvbTNPRVY2aUc3UjBvIjt9dI6jGT8AAAA,
Ноутбук новый msi новый,35 000 ₽,https://www.avito.ru/novosibirsk/noutbuki/noutbuk_novyy_msi_novyy_4436007607?context=H4sIAAAAAAAA_wE_AMD_YToyOntzOjEzOiJsb2NhbFByaW9yaXR5IjtiOjA7czoxOiJ4IjtzOjE2OiJGQTJvbTNPRVY2aUc3UjBvIjt9dI6jGT8AAAA,
Продам игровой ноутбук,60 000 ₽,https://www.avito.ru/novosibirsk/noutbuki/prodam_igrovoy_noutbuk_4553056294?context=H4sIAAAAAAAA_wE_AMD_YToyOntzOjEzOiJsb2NhbFByaW9yaXR5IjtiOjA7czoxOiJ4IjtzOjE2OiJGQTJvbTNPRVY2aUc3UjBvIjt9dI6jGT8AAAA,"Маршала Покрышкина, до 5 мин."
Msi katana gf76 11ucx,40 000 ₽,https://www.avito.ru/novosibirsk/noutbuki/msi_katana_gf76_11ucx_4535042313?context=H4sIAAAAAAAA_wE_AMD_YToyOntzOjEzOiJsb2NhbFByaW9yaXR5IjtiOjA7czoxOiJ4IjtzOjE2OiJGQTJvbTNPRVY2aUc3UjBvIjt9dI6jGT8AAAA,
Ноутбук honor magicbook x14,33 000 ₽,https://www.avito.ru/novosibirsk/noutbuki/noutbuk_honor_magicbook_x14_4622855509?context=H4sIAAAAAAAA_wE_AMD_YToyOntzOjEzOiJsb2NhbFByaW9yaXR5IjtiOjA7czoxOiJ4IjtzOjE2OiJGQTJvbTNPRVY2aUc3UjBvIjt9dI6jGT8AAAA,р-н Первомайский
Игровой мощный ноутбуки 2025,61 000 ₽,https://www.avito.ru/novosibirsk/noutbuki/igrovoy_moschnyy_noutbuki_2025_4360288292?context=H4sIAAAAAAAA_wE_AMD_YToyOntzOjEzOiJsb2NhbFByaW9yaXR5IjtiOjA7czoxOiJ4IjtzOjE2OiJGQTJvbTNPRVY2aUc3UjBvIjt9dI6jGT8AAAA,
Honor MagicBook 14 NMH-WDQ9HN Ryzen 5 5500U 8\512,34 789 ₽,https://www.avito.ru/novosibirsk/noutbuki/honor_magicbook_14_nmh-wdq9hn_ryzen_5_5500u_8512_4384529105?context=H4sIAAAAAAAA_wE_AMD_YToyOntzOjEzOiJsb2NhbFByaW9yaXR5IjtiOjA7czoxOiJ4IjtzOjE2OiJGQTJvbTNPRVY2aUc3UjBvIjt9dI6jGT8AAAA,
"Infinix Y3 Max 16"" IPS/i3 1215U/16+512Gb/DOS",31 900 ₽,https://www.avito.ru/novosibirsk/noutbuki/infinix_y3_max_16_ipsi3_1215u16512gbdos_2614828223?context=H4sIAAAAAAAA_wE_AMD_YToyOntzOjEzOiJsb2NhbFByaW9yaXR5IjtiOjA7czoxOiJ4IjtzOjE2OiJGQTJvbTNPRVY2aUc3UjBvIjt9dI6jGT8AAAA,
"Ноутбук MSI 17.3"" i7-7700HQ / GTX 1050 / 256GB",37 990 ₽,https://www.avito.ru/novosibirsk/noutbuki/noutbuk_msi_17.3_i7-7700hq_gtx_1050_256gb_2515589589?context=H4sIAAAAAAAA_wE_AMD_YToyOntzOjEzOiJsb2NhbFByaW9yaXR5IjtiOjA7czoxOiJ4IjtzOjE2OiJGQTJvbTNPRVY2aUc3UjBvIjt9dI6jGT8AAAA,
Macbook air 13 retina в идеале,39 999 ₽,https://www.avito.ru/novosibirsk/noutbuki/macbook_air_13_retina_v_ideale_4752378558?context=H4sIAAAAAAAA_wE_AMD_YToyOntzOjEzOiJsb2NhbFByaW9yaXR5IjtiOjA7czoxOiJ4IjtzOjE2OiJGQTJvbTNPRVY2aUc3UjBvIjt9dI6jGT8AAAA,
Ноутбук Digma pro Breve,30 000 ₽,https://www.avito.ru/novosibirsk/noutbuki/noutbuk_digma_pro_breve_4792247048?context=H4sIAAAAAAAA_wE_AMD_YToyOntzOjEzOiJsb2NhbFByaW9yaXR5IjtiOjA7czoxOiJ4IjtzOjE2OiJGQTJvbTNPRVY2aUc3UjBvIjt9dI6jGT8AAAA,"Студенческая, до 5 мин."
Ноутбук huawei MateBook D 14 модель NbB-WAH9,32 000 ₽,https://www.avito.ru/novosibirsk/noutbuki/noutbuk_huawei_matebook_d_14_model_nbb-wah9_4476683948?context=H4sIAAAAAAAA_wE_AMD_YToyOntzOjEzOiJsb2NhbFByaW9yaXR5IjtiOjA7czoxOiJ4IjtzOjE2OiJGQTJvbTNPRVY2aUc3UjBvIjt9dI6jGT8AAAA,"Октябрьская, 6–10 мин."
"MacBook Air M1, 8/256Gb",69 490 ₽,https://www.avito.ru/novosibirsk/noutbuki/macbook_air_m1_8256gb_4258264905?context=H4sIAAAAAAAA_wE_AMD_YToyOntzOjEzOiJsb2NhbFByaW9yaXR5IjtiOjA7czoxOiJ4IjtzOjE2OiJGQTJvbTNPRVY2aUc3UjBvIjt9dI6jGT8AAAA,
Защищенный Ноутбук Dell 5414 для Авто и Военный,34 999 ₽,https://www.avito.ru/novosibirsk/noutbuki/zaschischennyy_noutbuk_dell_5414_dlya_avto_i_voennyy_3534560813?context=H4sIAAAAAAAA_wE_AMD_YToyOntzOjEzOiJsb2NhbFByaW9yaXR5IjtiOjA7czoxOiJ4IjtzOjE2OiI2RldwZXYwNkVlbGdxTkRaIjt9CRy45T8AAAA,
"Кожаная сумка для документов, ноутбука",30 000 ₽,https://www.avito.ru/novosibirsk/odezhda_obuv_aksessuary/kozhanaya_sumka_dlya_dokumentov_noutbuka_4446598493?context=H4sIAAAAAAAA_wE_AMD_YToyOntzOjEzOiJsb2NhbFByaW9yaXR5IjtiOjA7czoxOiJ4IjtzOjE2OiI2RldwZXYwNkVlbGdxTkRaIjt9CRy45T8AAAA,
Ноутбук Acer Extensa новый,37 000 ₽,https://www.avito.ru/novosibirsk/noutbuki/noutbuk_acer_extensa_novyy_4690742699?context=H4sIAAAAAAAA_wE_AMD_YToyOntzOjEzOiJsb2NhbFByaW9yaXR5IjtiOjA7czoxOiJ4IjtzOjE2OiI2RldwZXYwNkVlbGdxTkRaIjt9CRy45T8AAAA,р-н Советский
Ноутбук Asus m509dj,30 000 ₽,https://www.avito.ru/novosibirsk/noutbuki/noutbuk_asus_m509dj_4365006359?context=H4sIAAAAAAAA_wE_AMD_YToyOntzOjEzOiJsb2NhbFByaW9yaXR5IjtiOjA7czoxOiJ4IjtzOjE2OiI2RldwZXYwNkVlbGdxTkRaIjt9CRy45T8AAAA,"Маршала Покрышкина, 6–10 мин."
Ноутбук irbis Blizzard 15NBC1009G,34 990 ₽,https://www.avito.ru/novosibirsk/noutbuki/noutbuk_irbis_blizzard_15nbc1009g_4484813579?context=H4sIAAAAAAAA_wE_AMD_YToyOntzOjEzOiJsb2NhbFByaW9yaXR5IjtiOjA7czoxOiJ4IjtzOjE2OiI2RldwZXYwNkVlbGdxTkRaIjt9CRy45T8AAAA,
Ноутбук,44 500 ₽,https://www.avito.ru/novosibirsk/noutbuki/noutbuk_4626102058?context=H4sIAAAAAAAA_wE_AMD_YToyOntzOjEzOiJsb2NhbFByaW9yaXR5IjtiOjA7czoxOiJ4IjtzOjE2OiI2RldwZXYwNkVlbGdxTkRaIjt9CRy45T8AAAA,"Студенческая, 6–10 мин."
Игровой ноутбук Dell G3 3590(i5-9300H/GTX 1650),39 900 ₽,https://www.avito.ru/novosibirsk/noutbuki/igrovoy_noutbuk_dell_g3_3590i5-9300hgtx_1650_4650336305?context=H4sIAAAAAAAA_wE_AMD_YToyOntzOjEzOiJsb2NhbFByaW9yaXR5IjtiOjA7czoxOiJ4IjtzOjE2OiI2RldwZXYwNkVlbGdxTkRaIjt9CRy45T8AAAA,"Площадь Гарина-Михайловского, до 5 мин."
Ноутбук redmi,43 000 ₽,https://www.avito.ru/novosibirsk/noutbuki/noutbuk_redmi_4244018933?context=H4sIAAAAAAAA_wE_AMD_YToyOntzOjEzOiJsb2NhbFByaW9yaXR5IjtiOjA7czoxOiJ4IjtzOjE2OiI2RldwZXYwNkVlbGdxTkRaIjt9CRy45T8AAAA,"Заельцовская, до 5 мин."
Ноутбук Acer Nitro 5AN515-58 Core i5-12450H/8Gb(ус,52 000 ₽,https://www.avito.ru/novosibirsk/noutbuki/noutbuk_acer_nitro_5an515-58_core_i5-12450h8gbus_4795273986?context=H4sIAAAAAAAA_wE_AMD_YToyOntzOjEzOiJsb2NhbFByaW9yaXR5IjtiOjA7czoxOiJ4IjtzOjE2OiI2RldwZXYwNkVlbGdxTkRaIjt9CRy45T8AAAA,
Ноутбук Honor Magicbook X16,55 990 ₽,https://www.avito.ru/novosibirsk/noutbuki/noutbuk_honor_magicbook_x16_4761722346?context=H4sIAAAAAAAA_wE_AMD_YToyOntzOjEzOiJsb2NhbFByaW9yaXR5IjtiOjA7czoxOiJ4IjtzOjE2OiI2RldwZXYwNkVlbGdxTkRaIjt9CRy45T8AAAA,
Ноутбук 2024г /N95/ram16gb/ssd/Fullhd 165hz,30 000 ₽,https://www.avito.ru/novosibirsk/noutbuki/noutbuk_2024g_n95ram16gbssdfullhd_165hz_4516121489?context=H4sIAAAAAAAA_wE_AMD_YToyOntzOjEzOiJsb2NhbFByaW9yaXR5IjtiOjA7czoxOiJ4IjtzOjE2OiI2RldwZXYwNkVlbGdxTkRaIjt9CRy45T8AAAA,
Ноутбук msi katana 17,50 000 ₽,https://www.avito.ru/novosibirsk/noutbuki/noutbuk_msi_katana_17_4360277668?context=H4sIAAAAAAAA_wE_AMD_YToyOntzOjEzOiJsb2NhbFByaW9yaXR5IjtiOjA7czoxOiJ4IjtzOjE2OiI2RldwZXYwNkVlbGdxTkRaIjt9CRy45T8AAAA,
New ноутбук Acer Aspire 15 Core i7-150U/16/512GB,49 999 ₽,https://www.avito.ru/novosibirsk/noutbuki/new_noutbuk_acer_aspire_15_core_i7-150u16512gb_4557288690?context=H4sIAAAAAAAA_wE_AMD_YToyOntzOjEzOiJsb2NhbFByaW9yaXR5IjtiOjA7czoxOiJ4IjtzOjE2OiI2RldwZXYwNkVlbGdxTkRaIjt9CRy45T8AAAA,
Ноутбук acer,37 000 ₽,https://www.avito.ru/novosibirsk/noutbuki/noutbuk_acer_4532026504?context=H4sIAAAAAAAA_wE_AMD_YToyOntzOjEzOiJsb2NhbFByaW9yaXR5IjtiOjA7czoxOiJ4IjtzOjE2OiI2RldwZXYwNkVlbGdxTkRaIjt9CRy45T8AAAA,"Заельцовская, 21–30 мин."
"Ноутбук infinix Inbook Y3 plus YL5145 (новый, чек)",37 000 ₽,https://www.avito.ru/novosibirsk/noutbuki/noutbuk_infinix_inbook_y3_plus_yl5145_novyy_chek_4447993066?context=H4sIAAAAAAAA_wE_AMD_YToyOntzOjEzOiJsb2NhbFByaW9yaXR5IjtiOjA7czoxOiJ4IjtzOjE2OiI2RldwZXYwNkVlbGdxTkRaIjt9CRy45T8AAAA,"Площадь Гарина-Михайловского, до 5 мин."
Игровой ноутбук Alpha 15 MSI Ryzen 5 5600/RX 6600M,65 000 ₽,https://www.avito.ru/novosibirsk/noutbuki/igrovoy_noutbuk_alpha_15_msi_ryzen_5_5600rx_6600m_4573919325?context=H4sIAAAAAAAA_wE_AMD_YToyOntzOjEzOiJsb2NhbFByaW9yaXR5IjtiOjA7czoxOiJ4IjtzOjE2OiI2RldwZXYwNkVlbGdxTkRaIjt9CRy45T8AAAA,"Октябрьская, 6–10 мин."
"Honor MagicBook X16 Ноутбук 16"", AMD Ryzen 7640HS",52 000 ₽,https://www.avito.ru/novosibirsk/noutbuki/honor_magicbook_x16_noutbuk_16_amd_ryzen_7640hs_4977965915?context=H4sIAAAAAAAA_wE_AMD_YToyOntzOjEzOiJsb2NhbFByaW9yaXR5IjtiOjA7czoxOiJ4IjtzOjE2OiI2RldwZXYwNkVlbGdxTkRaIjt9CRy45T8AAAA,р-н Первомайский
Ноутбук Lenovo V15 G3 - 8 Гб / SSD 256 Гб,36 200 ₽,https://www.avito.ru/novosibirsk/noutbuki/noutbuk_lenovo_v15_g3_-_8_gb_ssd_256_gb_4644481481?context=H4sIAAAAAAAA_wE_AMD_YToyOntzOjEzOiJsb2NhbFByaW9yaXR5IjtiOjA7czoxOiJ4IjtzOjE2OiI2RldwZXYwNkVlbGdxTkRaIjt9CRy45T8AAAA,
Игровой ноутбук ardor gaming n17-i5nd403,56 990 ₽,https://www.avito.ru/novosibirsk/noutbuki/igrovoy_noutbuk_ardor_gaming_n17-i5nd403_4731104469?context=H4sIAAAAAAAA_wE_AMD_YToyOntzOjEzOiJsb2NhbFByaW9yaXR5IjtiOjA7czoxOiJ4IjtzOjE2OiI2RldwZXYwNkVlbGdxTkRaIjt9CRy45T8AAAA,"Золотая Нива, 21–30 мин."
Ноутбук Asus Rog G752VT Thunderbolt,64 516 ₽,https://www.avito.ru/novosibirsk/noutbuki/noutbuk_asus_rog_g752vt_thunderbolt_4510577616?context=H4sIAAAAAAAA_wE_AMD_YToyOntzOjEzOiJsb2NhbFByaW9yaXR5IjtiOjA7czoxOiJ4IjtzOjE2OiI2RldwZXYwNkVlbGdxTkRaIjt9CRy45T8AAAA,
"Игровой пк Core i5-10400F, GeForce GTX 1650 4GB, S",30 000 ₽,https://www.avito.ru/novosibirsk/nastolnye_kompyutery/igrovoy_pk_core_i5-10400f_geforce_gtx_1650_4gb_s_4478691082?context=H4sIAAAAAAAA_wE_AMD_YToyOntzOjEzOiJsb2NhbFByaW9yaXR5IjtiOjA7czoxOiJ4IjtzOjE2OiI2RldwZXYwNkVlbGdxTkRaIjt9CRy45T8AAAA,
Ноутбук HP pavilion,45 000 ₽,https://www.avito.ru/novosibirsk/noutbuki/noutbuk_hp_pavilion_4635976999?context=H4sIAAAAAAAA_wE_AMD_YToyOntzOjEzOiJsb2NhbFByaW9yaXR5IjtiOjA7czoxOiJ4IjtzOjE2OiI2RldwZXYwNkVlbGdxTkRaIjt9CRy45T8AAAA,"Площадь Маркса, от 31 мин."
Ноутбук lenovo,37 634 ₽,https://www.avito.ru/novosibirsk/noutbuki/noutbuk_lenovo_4612280791?context=H4sIAAAAAAAA_wE_AMD_YToyOntzOjEzOiJsb2NhbFByaW9yaXR5IjtiOjA7czoxOiJ4IjtzOjE2OiI2RldwZXYwNkVlbGdxTkRaIjt9CRy45T8AAAA,
Ноутбук lenovo,40 000 ₽,https://www.avito.ru/novosibirsk/noutbuki/noutbuk_lenovo_4669485845?context=H4sIAAAAAAAA_wE_AMD_YToyOntzOjEzOiJsb2NhbFByaW9yaXR5IjtiOjA7czoxOiJ4IjtzOjE2OiI2RldwZXYwNkVlbGdxTkRaIjt9CRy45T8AAAA,р-н Советский
"Ноутбук Infinix Inbook Y3 Max YL613/16""/Core i5-12",39 000 ₽,https://www.avito.ru/novosibirsk/noutbuki/noutbuk_infinix_inbook_y3_max_yl61316core_i5-12_4537056894?context=H4sIAAAAAAAA_wE_AMD_YToyOntzOjEzOiJsb2NhbFByaW9yaXR5IjtiOjA7czoxOiJ4IjtzOjE2OiI2RldwZXYwNkVlbGdxTkRaIjt9CRy45T8AAAA,
Macbook pro 15 2015 (90 циклов),37 990 ₽,https://www.avito.ru/novosibirsk/noutbuki/macbook_pro_15_2015_90_tsiklov_4754838784?context=H4sIAAAAAAAA_wE_AMD_YToyOntzOjEzOiJsb2NhbFByaW9yaXR5IjtiOjA7czoxOiJ4IjtzOjE2OiI2RldwZXYwNkVlbGdxTkRaIjt9CRy45T8AAAA,
"MacBook Air M1, 8/256Gb",69 490 ₽,https://www.avito.ru/novosibirsk/noutbuki/macbook_air_m1_8256gb_4258264905?context=H4sIAAAAAAAA_wE_AMD_YToyOntzOjEzOiJsb2NhbFByaW9yaXR5IjtiOjA7czoxOiJ4IjtzOjE2OiI2RldwZXYwNkVlbGdxTkRaIjt9CRy45T8AAAA,
Ноутбук HP Probook 440 G8 (4K781EA),46 500 ₽,https://www.avito.ru/novosibirsk/noutbuki/noutbuk_hp_probook_440_g8_4k781ea_4543869503?context=H4sIAAAAAAAA_wE_AMD_YToyOntzOjEzOiJsb2NhbFByaW9yaXR5IjtiOjA7czoxOiJ4IjtzOjE2OiI2RldwZXYwNkVlbGdxTkRaIjt9CRy45T8AAAA,"Площадь Маркса, 21–30 мин."
Ноутбук lenovo,30 000 ₽,https://www.avito.ru/novosibirsk/noutbuki/noutbuk_lenovo_4572515136?context=H4sIAAAAAAAA_wE_AMD_YToyOntzOjEzOiJsb2NhbFByaW9yaXR5IjtiOjA7czoxOiJ4IjtzOjE2OiI2RldwZXYwNkVlbGdxTkRaIjt9CRy45T8AAAA,"Речной вокзал, до 5 мин."
Honor MagicBook X16 2024 12450H/8+512GB/DOS,37 900 ₽,https://www.avito.ru/novosibirsk/noutbuki/honor_magicbook_x16_2024_12450h8512gbdos_2679399472?context=H4sIAAAAAAAA_wE_AMD_YToyOntzOjEzOiJsb2NhbFByaW9yaXR5IjtiOjA7czoxOiJ4IjtzOjE2OiI2RldwZXYwNkVlbGdxTkRaIjt9CRy45T8AAAA,
Ноутбук игровой asus TUF Gaming FX506II(уса),44 000 ₽,https://www.avito.ru/novosibirsk/noutbuki/noutbuk_igrovoy_asus_tuf_gaming_fx506iiusa_4635243707?context=H4sIAAAAAAAA_wE_AMD_YToyOntzOjEzOiJsb2NhbFByaW9yaXR5IjtiOjA7czoxOiJ4IjtzOjE2OiI2RldwZXYwNkVlbGdxTkRaIjt9CRy45T8AAAA,
"15.6"" Ноутбук Xiaomi Mi Notebook Pro 15.6"" Enhance",50 000 ₽,https://www.avito.ru/novosibirsk/noutbuki/15.6_noutbuk_xiaomi_mi_notebook_pro_15.6_enhance_4511058090?context=H4sIAAAAAAAA_wE_AMD_YToyOntzOjEzOiJsb2NhbFByaW9yaXR5IjtiOjA7czoxOiJ4IjtzOjE2OiI2RldwZXYwNkVlbGdxTkRaIjt9CRy45T8AAAA,
Thunderobot 911,60 000 ₽,https://www.avito.ru/novosibirsk/bytovaya_tehnika/thunderobot_911_4787311504?context=H4sIAAAAAAAA_wE_AMD_YToyOntzOjEzOiJsb2NhbFByaW9yaXR5IjtiOjA7czoxOiJ4IjtzOjE2OiI2RldwZXYwNkVlbGdxTkRaIjt9CRy45T8AAAA,
Msi modern 14,30 000 ₽,https://www.avito.ru/novosibirsk/noutbuki/msi_modern_14_4543675067?context=H4sIAAAAAAAA_wE_AMD_YToyOntzOjEzOiJsb2NhbFByaW9yaXR5IjtiOjA7czoxOiJ4IjtzOjE2OiI2RldwZXYwNkVlbGdxTkRaIjt9CRy45T8AAAA,"Октябрьская, от 31 мин."
Продам ноутбук asus Vivobook (X1605ZA-MB454),40 000 ₽,https://www.avito.ru/novosibirsk/noutbuki/prodam_noutbuk_asus_vivobook_x1605za-mb454_4568684283?context=H4sIAAAAAAAA_wE_AMD_YToyOntzOjEzOiJsb2NhbFByaW9yaXR5IjtiOjA7czoxOiJ4IjtzOjE2OiI2RldwZXYwNkVlbGdxTkRaIjt9CRy45T8AAAA,
Ноутбук Intel Core i7 16gb,41 000 ₽,https://www.avito.ru/novosibirsk/noutbuki/noutbuk_intel_core_i7_16gb_4613818230?context=H4sIAAAAAAAA_wE_AMD_YToyOntzOjEzOiJsb2NhbFByaW9yaXR5IjtiOjA7czoxOiJ4IjtzOjE2OiI2RldwZXYwNkVlbGdxTkRaIjt9CRy45T8AAAA,
Новый Ноутбук hiper slim,36 000 ₽,https://www.avito.ru/novosibirsk/noutbuki/novyy_noutbuk_hiper_slim_4769863550?context=H4sIAAAAAAAA_wE_AMD_YToyOntzOjEzOiJsb2NhbFByaW9yaXR5IjtiOjA7czoxOiJ4IjtzOjE2OiI2RldwZXYwNkVlbGdxTkRaIjt9CRy45T8AAAA,
Ноутбук hp elitebook,43 500 ₽,https://www.avito.ru/novosibirsk/noutbuki/noutbuk_hp_elitebook_4414706452?context=H4sIAAAAAAAA_wE_AMD_YToyOntzOjEzOiJsb2NhbFByaW9yaXR5IjtiOjA7czoxOiJ4IjtzOjE2OiI2RldwZXYwNkVlbGdxTkRaIjt9CRy45T8AAAA,
"Новый Ультрабук, Core i5, 16gb озу, SSD 512,IPS",32 500 ₽,https://www.avito.ru/novosibirsk/noutbuki/novyy_ultrabuk_core_i5_16gb_ozu_ssd_512ips_4097320493?context=H4sIAAAAAAAA_wE_AMD_YToyOntzOjEzOiJsb2NhbFByaW9yaXR5IjtiOjA7czoxOiJ4IjtzOjE2OiI2RldwZXYwNkVlbGdxTkRaIjt9CRy45T8AAAA,
Ноутбук asus Vivobook 17X i9-13900H/DDR4/Iris XE,70 000 ₽,https://www.avito.ru/novosibirsk/noutbuki/noutbuk_asus_vivobook_17x_i9-13900hddr4iris_xe_4476317999?context=H4sIAAAAAAAA_wE_AMD_YToyOntzOjEzOiJsb2NhbFByaW9yaXR5IjtiOjA7czoxOiJ4IjtzOjE2OiI2RldwZXYwNkVlbGdxTkRaIjt9CRy45T8AAAA,"Площадь Маркса, до 5 мин."
"15.6"" игровой i5 13420h / DDR5 16 / RTX 2050",55 900 ₽,https://www.avito.ru/novosibirsk/noutbuki/15.6_igrovoy_i5_13420h_ddr5_16_rtx_2050_4826115405?context=H4sIAAAAAAAA_wE_AMD_YToyOntzOjEzOiJsb2NhbFByaW9yaXR5IjtiOjA7czoxOiJ4IjtzOjE2OiI2RldwZXYwNkVlbGdxTkRaIjt9CRy45T8AAAA,
"Продам ноутбук (планшет) с сенсорным экраном 12,3""",30 000 ₽,https://www.avito.ru/novosibirsk/noutbuki/prodam_noutbuk_planshet_s_sensornym_ekranom_123_3657789174?context=H4sIAAAAAAAA_wE_AMD_YToyOntzOjEzOiJsb2NhbFByaW9yaXR5IjtiOjA7czoxOiJ4IjtzOjE2OiI2RldwZXYwNkVlbGdxTkRaIjt9CRy45T8AAAA,
Ноутбук Lenovo IdeaPad Slim 5 8645hs oled 16/1024,61 990 ₽,https://www.avito.ru/novosibirsk/noutbuki/noutbuk_lenovo_ideapad_slim_5_8645hs_oled_161024_4504981907?context=H4sIAAAAAAAA_wE_AMD_YToyOntzOjEzOiJsb2NhbFByaW9yaXR5IjtiOjA7czoxOiJ4IjtzOjE2OiI2RldwZXYwNkVlbGdxTkRaIjt9CRy45T8AAAA,
Ноутбук huawei 14 MateBook 16 GB-512GB серый,65 000 ₽,https://www.avito.ru/novosibirsk/noutbuki/noutbuk_huawei_14_matebook_16_gb-512gb_seryy_4530716386?context=H4sIAAAAAAAA_wE_AMD_YToyOntzOjEzOiJsb2NhbFByaW9yaXR5IjtiOjA7czoxOiJ4IjtzOjE2OiI2RldwZXYwNkVlbGdxTkRaIjt9CRy45T8AAAA,
Ноутбук katana 17 b12vek-268xru(уса),61 200 ₽,https://www.avito.ru/novosibirsk/noutbuki/noutbuk_katana_17_b12vek-268xruusa_4538754768?context=H4sIAAAAAAAA_wE_AMD_YToyOntzOjEzOiJsb2NhbFByaW9yaXR5IjtiOjA7czoxOiJ4IjtzOjE2OiI2RldwZXYwNkVlbGdxTkRaIjt9CRy45T8AAAA,
Colorful evol X15 XS новый,59 000 ₽,https://www.avito.ru/novosibirsk/noutbuki/colorful_evol_x15_xs_novyy_4536509263?context=H4sIAAAAAAAA_wE_AMD_YToyOntzOjEzOiJsb2NhbFByaW9yaXR5IjtiOjA7czoxOiJ4IjtzOjE2OiI2RldwZXYwNkVlbGdxTkRaIjt9CRy45T8AAAA,
"New Amazon Kindle Scribe 64GB 10.2"" gen 2025 Jade",62 999 ₽,https://www.avito.ru/novosibirsk/planshety_i_elektronnye_knigi/new_amazon_kindle_scribe_64gb_10.2_gen_2025_jade_4599483847?context=H4sIAAAAAAAA_wE_AMD_YToyOntzOjEzOiJsb2NhbFByaW9yaXR5IjtiOjA7czoxOiJ4IjtzOjE2OiI2RldwZXYwNkVlbGdxTkRaIjt9CRy45T8AAAA,
"Ноутбук asus X513EA (15.6"", Core i7, 16 Gb RAM, 51",52 000 ₽,https://www.avito.ru/novosibirsk/noutbuki/noutbuk_asus_x513ea_15.6_core_i7_16_gb_ram_51_4564096103?context=H4sIAAAAAAAA_wE_AMD_YToyOntzOjEzOiJsb2NhbFByaW9yaXR5IjtiOjA7czoxOiJ4IjtzOjE2OiI2RldwZXYwNkVlbGdxTkRaIjt9CRy45T8AAAA,
Ноутбук honor,45 000 ₽,https://www.avito.ru/novosibirsk/noutbuki/noutbuk_honor_4313237506?context=H4sIAAAAAAAA_wE_AMD_YToyOntzOjEzOiJsb2NhbFByaW9yaXR5IjtiOjA7czoxOiJ4IjtzOjE2OiI2RldwZXYwNkVlbGdxTkRaIjt9CRy45T8AAAA,
"Монитор asus ProArt PA279CV 27""",43 000 ₽,https://www.avito.ru/novosibirsk/tovary_dlya_kompyutera/monitor_asus_proart_pa279cv_27_4017122330?context=H4sIAAAAAAAA_wE_AMD_YToyOntzOjEzOiJsb2NhbFByaW9yaXR5IjtiOjA7czoxOiJ4IjtzOjE2OiI2RldwZXYwNkVlbGdxTkRaIjt9CRy45T8AAAA,
Моноблок Lizard 16/256г для работы и учебы,31 990 ₽,https://www.avito.ru/novosibirsk/nastolnye_kompyutery/monoblok_lizard_16256g_dlya_raboty_i_ucheby_4677093973?context=H4sIAAAAAAAA_wE_AMD_YToyOntzOjEzOiJsb2NhbFByaW9yaXR5IjtiOjA7czoxOiJ4IjtzOjE2OiIzb1VmMmxlUUNJeWNsR0pkIjt9BUeEpz8AAAA,
Lenovo ideapad gaming 3,40 000 ₽,https://www.avito.ru/novosibirsk/noutbuki/lenovo_ideapad_gaming_3_4609157826?context=H4sIAAAAAAAA_wE_AMD_YToyOntzOjEzOiJsb2NhbFByaW9yaXR5IjtiOjA7czoxOiJ4IjtzOjE2OiIzb1VmMmxlUUNJeWNsR0pkIjt9BUeEpz8AAAA,
Huawei matebook D15,40 000 ₽,https://www.avito.ru/novosibirsk/noutbuki/huawei_matebook_d15_4437011035?context=H4sIAAAAAAAA_wE_AMD_YToyOntzOjEzOiJsb2NhbFByaW9yaXR5IjtiOjA7czoxOiJ4IjtzOjE2OiIzb1VmMmxlUUNJeWNsR0pkIjt9BUeEpz8AAAA,"Речной вокзал, 6–10 мин."
Ноутбук asus ZenBook S UX391FA-AH001R,38 000 ₽,https://www.avito.ru/novosibirsk/noutbuki/noutbuk_asus_zenbook_s_ux391fa-ah001r_4327527014?context=H4sIAAAAAAAA_wE_AMD_YToyOntzOjEzOiJsb2NhbFByaW9yaXR5IjtiOjA7czoxOiJ4IjtzOjE2OiIzb1VmMmxlUUNJeWNsR0pkIjt9BUeEpz8AAAA,
Защищенный Ноутбук Dell 5414 для Авто и Военный,34 999 ₽,https://www.avito.ru/novosibirsk/noutbuki/zaschischennyy_noutbuk_dell_5414_dlya_avto_i_voennyy_3694213655?context=H4sIAAAAAAAA_wE_AMD_YToyOntzOjEzOiJsb2NhbFByaW9yaXR5IjtiOjA7czoxOiJ4IjtzOjE2OiIzb1VmMmxlUUNJeWNsR0pkIjt9BUeEpz8AAAA,
Ноутбук acer aspire 3 a315,39 000 ₽,https://www.avito.ru/novosibirsk/noutbuki/noutbuk_acer_aspire_3_a315_2365861537?context=H4sIAAAAAAAA_wE_AMD_YToyOntzOjEzOiJsb2NhbFByaW9yaXR5IjtiOjA7czoxOiJ4IjtzOjE2OiIzb1VmMmxlUUNJeWNsR0pkIjt9BUeEpz8AAAA,
Игровой ноутбук MSI: i7/RTX2060/16GB/128GB+1TB,48 500 ₽,https://www.avito.ru/novosibirsk/noutbuki/igrovoy_noutbuk_msi_i7rtx206016gb128gb1tb_4566989875?context=H4sIAAAAAAAA_wE_AMD_YToyOntzOjEzOiJsb2NhbFByaW9yaXR5IjtiOjA7czoxOiJ4IjtzOjE2OiIzb1VmMmxlUUNJeWNsR0pkIjt9BUeEpz8AAAA,
Мощный игровой компьютер i5 10600\1070ti\32gb,43 900 ₽,https://www.avito.ru/novosibirsk/nastolnye_kompyutery/moschnyy_igrovoy_kompyuter_i5_106001070ti32gb_4436727846?context=H4sIAAAAAAAA_wE_AMD_YToyOntzOjEzOiJsb2NhbFByaW9yaXR5IjtiOjA7czoxOiJ4IjtzOjE2OiIzb1VmMmxlUUNJeWNsR0pkIjt9BUeEpz8AAAA,
Honor Magicbook X16 2024 i5-12450h 16/512 BRN-F56,49 000 ₽,https://www.avito.ru/novosibirsk/noutbuki/honor_magicbook_x16_2024_i5-12450h_16512_brn-f56_4287284847?context=H4sIAAAAAAAA_wE_AMD_YToyOntzOjEzOiJsb2NhbFByaW9yaXR5IjtiOjA7czoxOiJ4IjtzOjE2OiIzb1VmMmxlUUNJeWNsR0pkIjt9BUeEpz8AAAA,
Ноутбук asus VivoBook Pro 17,36 000 ₽,https://www.avito.ru/novosibirsk/noutbuki/noutbuk_asus_vivobook_pro_17_3747292677?context=H4sIAAAAAAAA_wE_AMD_YToyOntzOjEzOiJsb2NhbFByaW9yaXR5IjtiOjA7czoxOiJ4IjtzOjE2OiIzb1VmMmxlUUNJeWNsR0pkIjt9BUeEpz8AAAA,
Ноутбук MSI Modern15 B12M,31 000 ₽,https://www.avito.ru/novosibirsk/noutbuki/noutbuk_msi_modern15_b12m_4882233037?context=H4sIAAAAAAAA_wE_AMD_YToyOntzOjEzOiJsb2NhbFByaW9yaXR5IjtiOjA7czoxOiJ4IjtzOjE2OiIzb1VmMmxlUUNJeWNsR0pkIjt9BUeEpz8AAAA,"Площадь Ленина, до 5 мин."
Ноутбук Apple MacBook Air 13 M1/8/256GB Silver,69 892 ₽,https://www.avito.ru/novosibirsk/noutbuki/noutbuk_apple_macbook_air_13_m18256gb_silver_4699371826?context=H4sIAAAAAAAA_wE_AMD_YToyOntzOjEzOiJsb2NhbFByaW9yaXR5IjtiOjA7czoxOiJ4IjtzOjE2OiIzb1VmMmxlUUNJeWNsR0pkIjt9BUeEpz8AAAA,
Ноутбук новый в коробке,32 000 ₽,https://www.avito.ru/novosibirsk/noutbuki/noutbuk_novyy_v_korobke_2514810819?context=H4sIAAAAAAAA_wE_AMD_YToyOntzOjEzOiJsb2NhbFByaW9yaXR5IjtiOjA7czoxOiJ4IjtzOjE2OiIzb1VmMmxlUUNJeWNsR0pkIjt9BUeEpz8AAAA,"Заельцовская, до 5 мин."
Ультрабук msi modern 14,37 900 ₽,https://www.avito.ru/novosibirsk/noutbuki/ultrabuk_msi_modern_14_4740366311?context=H4sIAAAAAAAA_wE_AMD_YToyOntzOjEzOiJsb2NhbFByaW9yaXR5IjtiOjA7czoxOiJ4IjtzOjE2OiIzb1VmMmxlUUNJeWNsR0pkIjt9BUeEpz8AAAA,
Шикарный ультрабук MSI modern,37 999 ₽,https://www.avito.ru/novosibirsk/noutbuki/shikarnyy_ultrabuk_msi_modern_4971990958?context=H4sIAAAAAAAA_wE_AMD_YToyOntzOjEzOiJsb2NhbFByaW9yaXR5IjtiOjA7czoxOiJ4IjtzOjE2OiIzb1VmMmxlUUNJeWNsR0pkIjt9BUeEpz8AAAA,
Ноутбук msi i5,33 000 ₽,https://www.avito.ru/novosibirsk/noutbuki/noutbuk_msi_i5_4824161555?context=H4sIAAAAAAAA_wE_AMD_YToyOntzOjEzOiJsb2NhbFByaW9yaXR5IjtiOjA7czoxOiJ4IjtzOjE2OiIzb1VmMmxlUUNJeWNsR0pkIjt9BUeEpz8AAAA,"Площадь Ленина, до 5 мин."
Ноутбук tecno megabook T1,43 000 ₽,https://www.avito.ru/novosibirsk/noutbuki/noutbuk_tecno_megabook_t1_4875617023?context=H4sIAAAAAAAA_wE_AMD_YToyOntzOjEzOiJsb2NhbFByaW9yaXR5IjtiOjA7czoxOiJ4IjtzOjE2OiIzb1VmMmxlUUNJeWNsR0pkIjt9BUeEpz8AAAA,
Ноутбук asus x515,45 000 ₽,https://www.avito.ru/novosibirsk/noutbuki/noutbuk_asus_x515_3893115458?context=H4sIAAAAAAAA_wE_AMD_YToyOntzOjEzOiJsb2NhbFByaW9yaXR5IjtiOjA7czoxOiJ4IjtzOjE2OiIzb1VmMmxlUUNJeWNsR0pkIjt9BUeEpz8AAAA,"Берёзовая роща, 11–15 мин."
Ноутбук Honor magicbook 14,34 000 ₽,https://www.avito.ru/novosibirsk/noutbuki/noutbuk_honor_magicbook_14_4604069026?context=H4sIAAAAAAAA_wE_AMD_YToyOntzOjEzOiJsb2NhbFByaW9yaXR5IjtiOjA7czoxOiJ4IjtzOjE2OiIzb1VmMmxlUUNJeWNsR0pkIjt9BUeEpz8AAAA,р-н Октябрьский
Ноутбук machcreator One i5,40 000 ₽,https://www.avito.ru/novosibirsk/noutbuki/noutbuk_machcreator_one_i5_4302757690?context=H4sIAAAAAAAA_wE_AMD_YToyOntzOjEzOiJsb2NhbFByaW9yaXR5IjtiOjA7czoxOiJ4IjtzOjE2OiIzb1VmMmxlUUNJeWNsR0pkIjt9BUeEpz8AAAA,"Площадь Ленина, 11–15 мин."
Honor Magicbook 15 R5-5500U 16RAM 512SSD Гарантия,40 000 ₽,https://www.avito.ru/novosibirsk/noutbuki/honor_magicbook_15_r5-5500u_16ram_512ssd_garantiya_3519247082?context=H4sIAAAAAAAA_wE_AMD_YToyOntzOjEzOiJsb2NhbFByaW9yaXR5IjtiOjA7czoxOiJ4IjtzOjE2OiIzb1VmMmxlUUNJeWNsR0pkIjt9BUeEpz8AAAA,
Ноутбук HP Ryzen 5 4500u/8/256gb,32 990 ₽,https://www.avito.ru/novosibirsk/noutbuki/noutbuk_hp_ryzen_5_4500u8256gb_4761992910?context=H4sIAAAAAAAA_wE_AMD_YToyOntzOjEzOiJsb2NhbFByaW9yaXR5IjtiOjA7czoxOiJ4IjtzOjE2OiIzb1VmMmxlUUNJeWNsR0pkIjt9BUeEpz8AAAA,
Ноутбук Lenovo V15 G3 - 8 Гб SSD 256 Гб,45 200 ₽,https://www.avito.ru/novosibirsk/noutbuki/noutbuk_lenovo_v15_g3_-_8_gb_ssd_256_gb_4644631972?context=H4sIAAAAAAAA_wE_AMD_YToyOntzOjEzOiJsb2NhbFByaW9yaXR5IjtiOjA7czoxOiJ4IjtzOjE2OiIzb1VmMmxlUUNJeWNsR0pkIjt9BUeEpz8AAAA,
Lenovo Thinkpad p52,51 999 ₽,https://www.avito.ru/novosibirsk/noutbuki/lenovo_thinkpad_p52_4703964120?context=H4sIAAAAAAAA_wE_AMD_YToyOntzOjEzOiJsb2NhbFByaW9yaXR5IjtiOjA7czoxOiJ4IjtzOjE2OiIzb1VmMmxlUUNJeWNsR0pkIjt9BUeEpz8AAAA,
"Asus TUF 15.6"" 120Hz R5-3550H / GTX 1050 3GB",40 840 ₽,https://www.avito.ru/novosibirsk/noutbuki/asus_tuf_15.6_120hz_r5-3550h_gtx_1050_3gb_2579018495?context=H4sIAAAAAAAA_wE_AMD_YToyOntzOjEzOiJsb2NhbFByaW9yaXR5IjtiOjA7czoxOiJ4IjtzOjE2OiIzb1VmMmxlUUNJeWNsR0pkIjt9BUeEpz8AAAA,
Lenovo Gaming 17.3 i5-9300H/GTX 1650/16gb,38 490 ₽,https://www.avito.ru/novosibirsk/noutbuki/lenovo_gaming_17.3_i5-9300hgtx_165016gb_4858277183?context=H4sIAAAAAAAA_wE_AMD_YToyOntzOjEzOiJsb2NhbFByaW9yaXR5IjtiOjA7czoxOiJ4IjtzOjE2OiIzb1VmMmxlUUNJeWNsR0pkIjt9BUeEpz8AAAA,
Игровой пк на видеокарте GF GTX 1060 / i3,33 000 ₽,https://www.avito.ru/novosibirsk/nastolnye_kompyutery/igrovoy_pk_na_videokarte_gf_gtx_1060_i3_4677173080?context=H4sIAAAAAAAA_wE_AMD_YToyOntzOjEzOiJsb2NhbFByaW9yaXR5IjtiOjA7czoxOiJ4IjtzOjE2OiIzb1VmMmxlUUNJeWNsR0pkIjt9BUeEpz8AAAA,"Площадь Ленина, до 5 мин."
Ноутбук Acer Swift Go SFG14-41-R2U2 Silver,55 000 ₽,https://www.avito.ru/novosibirsk/noutbuki/noutbuk_acer_swift_go_sfg14-41-r2u2_silver_4644841231?context=H4sIAAAAAAAA_wE_AMD_YToyOntzOjEzOiJsb2NhbFByaW9yaXR5IjtiOjA7czoxOiJ4IjtzOjE2OiIzb1VmMmxlUUNJeWNsR0pkIjt9BUeEpz8AAAA,"Речной вокзал, 21–30 мин."
Мощный игровой компьютер i5 10400F\2060super\16gb,45 000 ₽,https://www.avito.ru/novosibirsk/nastolnye_kompyutery/moschnyy_igrovoy_kompyuter_i5_10400f2060super16gb_4437292554?context=H4sIAAAAAAAA_wE_AMD_YToyOntzOjEzOiJsb2NhbFByaW9yaXR5IjtiOjA7czoxOiJ4IjtzOjE2OiIzb1VmMmxlUUNJeWNsR0pkIjt9BUeEpz8AAAA,
Dell Latitude 7404 Rugged Extreme (i5/8b/256Ssd),34 000 ₽,https://www.avito.ru/novosibirsk/noutbuki/dell_latitude_7404_rugged_extreme_i58b256ssd_3942431396?context=H4sIAAAAAAAA_wE_AMD_YToyOntzOjEzOiJsb2NhbFByaW9yaXR5IjtiOjA7czoxOiJ4IjtzOjE2OiIzb1VmMmxlUUNJeWNsR0pkIjt9BUeEpz8AAAA,
Портативная зарядная станция 160 000 мАч,31 838 ₽,https://www.avito.ru/novosibirsk/planshety_i_elektronnye_knigi/portativnaya_zaryadnaya_stantsiya_160_000_mach_4504952294?context=H4sIAAAAAAAA_wE_AMD_YToyOntzOjEzOiJsb2NhbFByaW9yaXR5IjtiOjA7czoxOiJ4IjtzOjE2OiIzb1VmMmxlUUNJeWNsR0pkIjt9BUeEpz8AAAA,
Ноутбук Honor magicbook x15,45 000 ₽,https://www.avito.ru/novosibirsk/noutbuki/noutbuk_honor_magicbook_x15_4085266626?context=H4sIAAAAAAAA_wE_AMD_YToyOntzOjEzOiJsb2NhbFByaW9yaXR5IjtiOjA7czoxOiJ4IjtzOjE2OiIzb1VmMmxlUUNJeWNsR0pkIjt9BUeEpz8AAAA,"Площадь Маркса, до 5 мин."
"Игровой пк MSI Ryzen 5 2600, RX 580 gaming X 4G",40 000 ₽,https://www.avito.ru/novosibirsk/nastolnye_kompyutery/igrovoy_pk_msi_ryzen_5_2600_rx_580_gaming_x_4g_3372260521?context=H4sIAAAAAAAA_wE_AMD_YToyOntzOjEzOiJsb2NhbFByaW9yaXR5IjtiOjA7czoxOiJ4IjtzOjE2OiIzb1VmMmxlUUNJeWNsR0pkIjt9BUeEpz8AAAA,
"New Amazon Kindle Scribe 64GB 10.2"" gen 2025 года",62 999 ₽,https://www.avito.ru/novosibirsk/planshety_i_elektronnye_knigi/new_amazon_kindle_scribe_64gb_10.2_gen_2025_goda_4535582804?context=H4sIAAAAAAAA_wE_AMD_YToyOntzOjEzOiJsb2NhbFByaW9yaXR5IjtiOjA7czoxOiJ4IjtzOjE2OiIzb1VmMmxlUUNJeWNsR0pkIjt9BUeEpz8AAAA,
"16"" Ноутбук huawei MateBook D 16 2024 mclg-X серый",60 000 ₽,https://www.avito.ru/novosibirsk/noutbuki/16_noutbuk_huawei_matebook_d_16_2024_mclg-x_seryy_4611987629?context=H4sIAAAAAAAA_wE_AMD_YToyOntzOjEzOiJsb2NhbFByaW9yaXR5IjtiOjA7czoxOiJ4IjtzOjE2OiIzb1VmMmxlUUNJeWNsR0pkIjt9BUeEpz8AAAA,"Площадь Гарина-Михайловского, до 5 мин."
"Asus Vivobook 15X oled Intel Core i5-1335U,16/512",54 000 ₽,https://www.avito.ru/novosibirsk/noutbuki/asus_vivobook_15x_oled_intel_core_i5-1335u16512_4561442804?context=H4sIAAAAAAAA_wE_AMD_YToyOntzOjEzOiJsb2NhbFByaW9yaXR5IjtiOjA7czoxOiJ4IjtzOjE2OiIzb1VmMmxlUUNJeWNsR0pkIjt9BUeEpz8AAAA,
Планшет Samsung Galaxy tab S7 fe + клавиатура + мы,35 900 ₽,https://www.avito.ru/novosibirsk/planshety_i_elektronnye_knigi/planshet_samsung_galaxy_tab_s7_fe_klaviatura_my_4517247583?context=H4sIAAAAAAAA_wE_AMD_YToyOntzOjEzOiJsb2NhbFByaW9yaXR5IjtiOjA7czoxOiJ4IjtzOjE2OiIzb1VmMmxlUUNJeWNsR0pkIjt9BUeEpz8AAAA,
Ноутбук huawei MateBook D 14 2021 NbD-WDH9 8/512GB,44 000 ₽,https://www.avito.ru/novosibirsk/noutbuki/noutbuk_huawei_matebook_d_14_2021_nbd-wdh9_8512gb_3773132732?context=H4sIAAAAAAAA_wE_AMD_YToyOntzOjEzOiJsb2NhbFByaW9yaXR5IjtiOjA7czoxOiJ4IjtzOjE2OiIzb1VmMmxlUUNJeWNsR0pkIjt9BUeEpz8AAAA,"Золотая Нива, 11–15 мин."
Игровой ноутбук Msi katana gf76 12uc-420xru,60 000 ₽,https://www.avito.ru/novosibirsk/noutbuki/igrovoy_noutbuk_msi_katana_gf76_12uc-420xru_4603151618?context=H4sIAAAAAAAA_wE_AMD_YToyOntzOjEzOiJsb2NhbFByaW9yaXR5IjtiOjA7czoxOiJ4IjtzOjE2OiIzb1VmMmxlUUNJeWNsR0pkIjt9BUeEpz8AAAA,р-н Первомайский
Игровой пк Core i7 16GB GTX 1660 Super SSD 512GB,30 390 ₽,https://www.avito.ru/novosibirsk/nastolnye_kompyutery/igrovoy_pk_core_i7_16gb_gtx_1660_super_ssd_512gb_3122824756?context=H4sIAAAAAAAA_wE_AMD_YToyOntzOjEzOiJsb2NhbFByaW9yaXR5IjtiOjA7czoxOiJ4IjtzOjE2OiIzb1VmMmxlUUNJeWNsR0pkIjt9BUeEpz8AAAA,
Караоке машина / система,70 000 ₽,https://www.avito.ru/novosibirsk/audio_i_video/karaoke_mashina_sistema_2629425230?context=H4sIAAAAAAAA_wE_AMD_YToyOntzOjEzOiJsb2NhbFByaW9yaXR5IjtiOjA7czoxOiJ4IjtzOjE2OiIzb1VmMmxlUUNJeWNsR0pkIjt9BUeEpz8AAAA,
"15.6"" Ноутбук Huawei, core i5 8gb, 512gb, Гарантия",44 990 ₽,https://www.avito.ru/novosibirsk/noutbuki/15.6_noutbuk_huawei_core_i5_8gb_512gb_garantiya_3617256398?context=H4sIAAAAAAAA_wE_AMD_YToyOntzOjEzOiJsb2NhbFByaW9yaXR5IjtiOjA7czoxOiJ4IjtzOjE2OiIzb1VmMmxlUUNJeWNsR0pkIjt9BUeEpz8AAAA,
"Lenovo IdeaPad Slim 5 14"" Oled/R5 8645HS/16+512Gb",62 900 ₽,https://www.avito.ru/novosibirsk/noutbuki/lenovo_ideapad_slim_5_14_oledr5_8645hs16512gb_2615635410?context=H4sIAAAAAAAA_wE_AMD_YToyOntzOjEzOiJsb2NhbFByaW9yaXR5IjtiOjA7czoxOiJ4IjtzOjE2OiIzb1VmMmxlUUNJeWNsR0pkIjt9BUeEpz8AAAA,
"Игровые ноутбуки Core i5, Core i7, Ryzen, RTX, GTX",34 900 ₽,https://www.avito.ru/novosibirsk/noutbuki/igrovye_noutbuki_core_i5_core_i7_ryzen_rtx_gtx_3495797976?context=H4sIAAAAAAAA_wE_AMD_YToyOntzOjEzOiJsb2NhbFByaW9yaXR5IjtiOjA7czoxOiJ4IjtzOjE2OiIzb1VmMmxlUUNJeWNsR0pkIjt9BUeEpz8AAAA,"Студенческая, 11–15 мин."
Игровой Пк Белый Core i7 RTX 3060 32GB SSD 1TB,47 490 ₽,https://www.avito.ru/novosibirsk/nastolnye_kompyutery/igrovoy_pk_belyy_core_i7_rtx_3060_32gb_ssd_1tb_3538973395?context=H4sIAAAAAAAA_wE_AMD_YToyOntzOjEzOiJsb2NhbFByaW9yaXR5IjtiOjA7czoxOiJ4IjtzOjE2OiIzb1VmMmxlUUNJeWNsR0pkIjt9BUeEpz8AAAA,
Менеджер (Удаленно) в студию растяжки,40 000 — 50 000 ₽ на руки,https://www.avito.ru/novosibirsk/vakansii/menedzher_udalenno_v_studiyu_rastyazhki_4940106878?context=H4sIAAAAAAAA_wE_AMD_YToyOntzOjEzOiJsb2NhbFByaW9yaXR5IjtiOjA7czoxOiJ4IjtzOjE2OiIzb1VmMmxlUUNJeWNsR0pkIjt9BUeEpz8AAAA,"Площадь Ленина, до 5 мин."
Lenovo ThinkPad t440p ultra,43 000 ₽,https://www.avito.ru/novosibirsk/noutbuki/lenovo_thinkpad_t440p_ultra_3918160334?context=H4sIAAAAAAAA_wE_AMD_YToyOntzOjEzOiJsb2NhbFByaW9yaXR5IjtiOjA7czoxOiJ4IjtzOjE2OiIzb1VmMmxlUUNJeWNsR0pkIjt9BUeEpz8AAAA,"Заельцовская, 6–10 мин."
"Asus VivoBook D515-EJ820 новый, в пленках",37 525 ₽,https://www.avito.ru/novosibirsk/noutbuki/asus_vivobook_d515-ej820_novyy_v_plenkah_2718546597?context=H4sIAAAAAAAA_wE_AMD_YToyOntzOjEzOiJsb2NhbFByaW9yaXR5IjtiOjA7czoxOiJ4IjtzOjE2OiIzb1VmMmxlUUNJeWNsR0pkIjt9BUeEpz8AAAA,"Площадь Ленина, до 5 мин."
Ноутбук Acer i3/8gb/SSD256Gb/15.6 новый,33 000 ₽,https://www.avito.ru/novosibirsk/noutbuki/noutbuk_acer_i38gbssd256gb15.6_novyy_2911490663?context=H4sIAAAAAAAA_wE_AMD_YToyOntzOjEzOiJsb2NhbFByaW9yaXR5IjtiOjA7czoxOiJ4IjtzOjE2OiIzb1VmMmxlUUNJeWNsR0pkIjt9BUeEpz8AAAA,"Заельцовская, до 5 мин."
"MSI modern 14"" FHD core I5 1235U",37 999 ₽,https://www.avito.ru/novosibirsk/noutbuki/msi_modern_14_fhd_core_i5_1235u_4424189853?context=H4sIAAAAAAAA_wE_AMD_YToyOntzOjEzOiJsb2NhbFByaW9yaXR5IjtiOjA7czoxOiJ4IjtzOjE2OiIzb1VmMmxlUUNJeWNsR0pkIjt9BUeEpz8AAAA,
Ломбардист,45 000 — 60 000 ₽,https://www.avito.ru/novosibirsk/vakansii/lombardist_3381401055?context=H4sIAAAAAAAA_wE_AMD_YToyOntzOjEzOiJsb2NhbFByaW9yaXR5IjtiOjA7czoxOiJ4IjtzOjE2OiJWZDJPeWZIRU16c0Z6b3J0Ijt9_fmhcD8AAAA,р-н Калининский
"Умный телевизор Sber 65""",37 050 ₽,https://www.avito.ru/novosibirsk/audio_i_video/umnyy_televizor_sber_65_4003689605?context=H4sIAAAAAAAA_wE_AMD_YToyOntzOjEzOiJsb2NhbFByaW9yaXR5IjtiOjA7czoxOiJ4IjtzOjE2OiJWZDJPeWZIRU16c0Z6b3J0Ijt9_fmhcD8AAAA,
Ноутбук honor MagicBook 14 13500H/DDR5/Iris XE,68 000 ₽,https://www.avito.ru/novosibirsk/noutbuki/noutbuk_honor_magicbook_14_13500hddr5iris_xe_4283638253?context=H4sIAAAAAAAA_wE_AMD_YToyOntzOjEzOiJsb2NhbFByaW9yaXR5IjtiOjA7czoxOiJ4IjtzOjE2OiJWZDJPeWZIRU16c0Z6b3J0Ijt9_fmhcD8AAAA,"Площадь Маркса, до 5 мин."
Ноутбук игровой MSI GF63 Thin 12UCX-1037XRU 15.6,63 000 ₽,https://www.avito.ru/novosibirsk/noutbuki/noutbuk_igrovoy_msi_gf63_thin_12ucx-1037xru_15.6_4752003420?context=H4sIAAAAAAAA_wE_AMD_YToyOntzOjEzOiJsb2NhbFByaW9yaXR5IjtiOjA7czoxOiJ4IjtzOjE2OiJWZDJPeWZIRU16c0Z6b3J0Ijt9_fmhcD8AAAA,"Площадь Ленина, до 5 мин."
Ноутбук трансформер HP 14-1007ur Core i5 1135G7,45 000 ₽,https://www.avito.ru/novosibirsk/noutbuki/noutbuk_transformer_hp_14-1007ur_core_i5_1135g7_4151373964?context=H4sIAAAAAAAA_wE_AMD_YToyOntzOjEzOiJsb2NhbFByaW9yaXR5IjtiOjA7czoxOiJ4IjtzOjE2OiJWZDJPeWZIRU16c0Z6b3J0Ijt9_fmhcD8AAAA,"Площадь Маркса, от 31 мин."
Инверторный генератор A-iPower A3500LIS,50 630 ₽,https://www.avito.ru/novosibirsk/remont_i_stroitelstvo/invertornyy_generator_a-ipower_a3500lis_4604366947?context=H4sIAAAAAAAA_wE_AMD_YToyOntzOjEzOiJsb2NhbFByaW9yaXR5IjtiOjA7czoxOiJ4IjtzOjE2OiJWZDJPeWZIRU16c0Z6b3J0Ijt9_fmhcD8AAAA,
"Спутниковый интернет ямал 401, 402, 601.Полный",48 000 ₽,https://www.avito.ru/novosibirsk/tovary_dlya_kompyutera/sputnikovyy_internet_yamal_401_402_601.polnyy_3954352055?context=H4sIAAAAAAAA_wE_AMD_YToyOntzOjEzOiJsb2NhbFByaW9yaXR5IjtiOjA7czoxOiJ4IjtzOjE2OiJWZDJPeWZIRU16c0Z6b3J0Ijt9_fmhcD8AAAA,
Слуховой аппарат phonak Q 30-sp цифровой швейцария,30 000 ₽,https://www.avito.ru/novosibirsk/krasota_i_zdorove/sluhovoy_apparat_phonak_q_30-sp_tsifrovoy_shveytsariya_3377669688?context=H4sIAAAAAAAA_wE_AMD_YToyOntzOjEzOiJsb2NhbFByaW9yaXR5IjtiOjA7czoxOiJ4IjtzOjE2OiJWZDJPeWZIRU16c0Z6b3J0Ijt9_fmhcD8AAAA,"Гагаринская, 6–10 мин."
Mersedes Star c4 doip Full Chip сканер (без ноута,50 000 ₽,https://www.avito.ru/novosibirsk/zapchasti_i_aksessuary/mersedes_star_c4_doip_full_chip_skaner_bez_nouta_3341694875?context=H4sIAAAAAAAA_wE_AMD_YToyOntzOjEzOiJsb2NhbFByaW9yaXR5IjtiOjA7czoxOiJ4IjtzOjE2OiJWZDJPeWZIRU16c0Z6b3J0Ijt9_fmhcD8AAAA,
Hts vive cosmos,37 000 ₽,https://www.avito.ru/novosibirsk/tovary_dlya_kompyutera/hts_vive_cosmos_4913751344?context=H4sIAAAAAAAA_wE_AMD_YToyOntzOjEzOiJsb2NhbFByaW9yaXR5IjtiOjA7czoxOiJ4IjtzOjE2OiJWZDJPeWZIRU16c0Z6b3J0Ijt9_fmhcD8AAAA,
Сумка для ноутбука Piquadro Blue Square черная CA4,35 000 ₽,https://www.avito.ru/novosibirsk/odezhda_obuv_aksessuary/sumka_dlya_noutbuka_piquadro_blue_square_chernaya_ca4_4288003895?context=H4sIAAAAAAAA_wE_AMD_YToyOntzOjEzOiJsb2NhbFByaW9yaXR5IjtiOjA7czoxOiJ4IjtzOjE2OiJWZDJPeWZIRU16c0Z6b3J0Ijt9_fmhcD8AAAA,
Игровой Ультрабук Lenovo I3 1005G1 MX330 2GB DDR5,32 999 ₽,https://www.avito.ru/novosibirsk/noutbuki/igrovoy_ultrabuk_lenovo_i3_1005g1_mx330_2gb_ddr5_4405538716?context=H4sIAAAAAAAA_wE_AMD_YToyOntzOjEzOiJsb2NhbFByaW9yaXR5IjtiOjA7czoxOiJ4IjtzOjE2OiJWZDJPeWZIRU16c0Z6b3J0Ijt9_fmhcD8AAAA,
"Apple MacBook Air M1 8 256GB Gold, новый Mac",64 990 ₽,https://www.avito.ru/novosibirsk/noutbuki/apple_macbook_air_m1_8_256gb_gold_novyy_mac_4640463641?context=H4sIAAAAAAAA_wE_AMD_YToyOntzOjEzOiJsb2NhbFByaW9yaXR5IjtiOjA7czoxOiJ4IjtzOjE2OiJWZDJPeWZIRU16c0Z6b3J0Ijt9_fmhcD8AAAA,"Золотая Нива, 6–10 мин."
VCI3 scania,30 000 ₽,https://www.avito.ru/novosibirsk/zapchasti_i_aksessuary/vci3_scania_2592457755?context=H4sIAAAAAAAA_wE_AMD_YToyOntzOjEzOiJsb2NhbFByaW9yaXR5IjtiOjA7czoxOiJ4IjtzOjE2OiJWZDJPeWZIRU16c0Z6b3J0Ijt9_fmhcD8AAAA,"Площадь Маркса, от 31 мин."
"Игровой ноутбук MSI 15.6"" SSD GeForce RTX 2060 6GB",64 115 ₽,https://www.avito.ru/novosibirsk/noutbuki/igrovoy_noutbuk_msi_15.6_ssd_geforce_rtx_2060_6gb_3635270363?context=H4sIAAAAAAAA_wE_AMD_YToyOntzOjEzOiJsb2NhbFByaW9yaXR5IjtiOjA7czoxOiJ4IjtzOjE2OiJWZDJPeWZIRU16c0Z6b3J0Ijt9_fmhcD8AAAA,
"Acer spin 3 A3SP14-31PT-38YA Ноутбук 14"", RAM 8гб",63 000 ₽,https://www.avito.ru/novosibirsk/noutbuki/acer_spin_3_a3sp14-31pt-38ya_noutbuk_14_ram_8gb_4360387900?context=H4sIAAAAAAAA_wE_AMD_YToyOntzOjEzOiJsb2NhbFByaW9yaXR5IjtiOjA7czoxOiJ4IjtzOjE2OiJWZDJPeWZIRU16c0Z6b3J0Ijt9_fmhcD8AAAA,
Новый Игровой пк i5 10400F + RTX 3060,63 000 ₽,https://www.avito.ru/novosibirsk/nastolnye_kompyutery/novyy_igrovoy_pk_i5_10400f_rtx_3060_4165415719?context=H4sIAAAAAAAA_wE_AMD_YToyOntzOjEzOiJsb2NhbFByaW9yaXR5IjtiOjA7czoxOiJ4IjtzOjE2OiJWZDJPeWZIRU16c0Z6b3J0Ijt9_fmhcD8AAAA,"Сибирская, до 5 мин."
Lenovo thinkpad E15 gen 4,70 000 ₽,https://www.avito.ru/novosibirsk/noutbuki/lenovo_thinkpad_e15_gen_4_3827604448?context=H4sIAAAAAAAA_wE_AMD_YToyOntzOjEzOiJsb2NhbFByaW9yaXR5IjtiOjA7czoxOiJ4IjtzOjE2OiJWZDJPeWZIRU16c0Z6b3J0Ijt9_fmhcD8AAAA,
Aorus Gaming Box RTX 3080,62 000 ₽,https://www.avito.ru/novosibirsk/tovary_dlya_kompyutera/aorus_gaming_box_rtx_3080_4599136776?context=H4sIAAAAAAAA_wE_AMD_YToyOntzOjEzOiJsb2NhbFByaW9yaXR5IjtiOjA7czoxOiJ4IjtzOjE2OiJWZDJPeWZIRU16c0Z6b3J0Ijt9_fmhcD8AAAA,"Берёзовая роща, 6–10 мин."
Игровой пк Intel Core i7 RTX 3050 32GB SSD 1TB,37 990 ₽,https://www.avito.ru/novosibirsk/nastolnye_kompyutery/igrovoy_pk_intel_core_i7_rtx_3050_32gb_ssd_1tb_3474859465?context=H4sIAAAAAAAA_wE_AMD_YToyOntzOjEzOiJsb2NhbFByaW9yaXR5IjtiOjA7czoxOiJ4IjtzOjE2OiJWZDJPeWZIRU16c0Z6b3J0Ijt9_fmhcD8AAAA,
Игровой пк Core i7 /32GB/ Видеокарта RTX / 1TB SSD,47 490 ₽,https://www.avito.ru/novosibirsk/nastolnye_kompyutery/igrovoy_pk_core_i7_32gb_videokarta_rtx_1tb_ssd_2643325408?context=H4sIAAAAAAAA_wE_AMD_YToyOntzOjEzOiJsb2NhbFByaW9yaXR5IjtiOjA7czoxOiJ4IjtzOjE2OiJWZDJPeWZIRU16c0Z6b3J0Ijt9_fmhcD8AAAA,
Ультрабук Honor MagicBook 16 Ryzen 5 5600H,56 000 ₽,https://www.avito.ru/novosibirsk/noutbuki/ultrabuk_honor_magicbook_16_ryzen_5_5600h_3697988835?context=H4sIAAAAAAAA_wE_AMD_YToyOntzOjEzOiJsb2NhbFByaW9yaXR5IjtiOjA7czoxOiJ4IjtzOjE2OiJWZDJPeWZIRU16c0Z6b3J0Ijt9_fmhcD8AAAA,
Моноблок acer aspire c24 1300,57 000 ₽,https://www.avito.ru/novosibirsk/nastolnye_kompyutery/monoblok_acer_aspire_c24_1300_4755361243?context=H4sIAAAAAAAA_wE_AMD_YToyOntzOjEzOiJsb2NhbFByaW9yaXR5IjtiOjA7czoxOiJ4IjtzOjE2OiJWZDJPeWZIRU16c0Z6b3J0Ijt9_fmhcD8AAAA,р-н Советский
Защищенный Ноутбук Dell 5424,69 000 ₽,https://www.avito.ru/novosibirsk/noutbuki/zaschischennyy_noutbuk_dell_5424_3661653455?context=H4sIAAAAAAAA_wE_AMD_YToyOntzOjEzOiJsb2NhbFByaW9yaXR5IjtiOjA7czoxOiJ4IjtzOjE2OiJWZDJPeWZIRU16c0Z6b3J0Ijt9_fmhcD8AAAA,
Сумка для ноутбука Piquadro Harper коричневая CA40,39 900 ₽,https://www.avito.ru/novosibirsk/odezhda_obuv_aksessuary/sumka_dlya_noutbuka_piquadro_harper_korichnevaya_ca40_4288391099?context=H4sIAAAAAAAA_wE_AMD_YToyOntzOjEzOiJsb2NhbFByaW9yaXR5IjtiOjA7czoxOiJ4IjtzOjE2OiJWZDJPeWZIRU16c0Z6b3J0Ijt9_fmhcD8AAAA,
"Ноутбук Lenovo 14"" Ryzen 5 3500/8Gb/SSD512 (новый)",44 990 ₽,https://www.avito.ru/novosibirsk/noutbuki/noutbuk_lenovo_14_ryzen_5_35008gbssd512_novyy_2682241758?context=H4sIAAAAAAAA_wE_AMD_YToyOntzOjEzOiJsb2NhbFByaW9yaXR5IjtiOjA7czoxOiJ4IjtzOjE2OiJWZDJPeWZIRU16c0Z6b3J0Ijt9_fmhcD8AAAA,"Площадь Гарина-Михайловского, 6–10 мин."
Новый Игровой пк i5 10400F + RTX 3060,57 990 ₽,https://www.avito.ru/novosibirsk/nastolnye_kompyutery/novyy_igrovoy_pk_i5_10400f_rtx_3060_4516810692?context=H4sIAAAAAAAA_wE_AMD_YToyOntzOjEzOiJsb2NhbFByaW9yaXR5IjtiOjA7czoxOiJ4IjtzOjE2OiJWZDJPeWZIRU16c0Z6b3J0Ijt9_fmhcD8AAAA,"Сибирская, до 5 мин."
Игровой Ryzen 3500 / DDR 16gb / RX 570 / SSD 500,33 900 ₽,https://www.avito.ru/novosibirsk/nastolnye_kompyutery/igrovoy_ryzen_3500_ddr_16gb_rx_570_ssd_500_3929633062?context=H4sIAAAAAAAA_wE_AMD_YToyOntzOjEzOiJsb2NhbFByaW9yaXR5IjtiOjA7czoxOiJ4IjtzOjE2OiJWZDJPeWZIRU16c0Z6b3J0Ijt9_fmhcD8AAAA,
"Ноутбук Hiper Office Hlp 15.6"" i5 16/512GB, серебр",44 999 ₽,https://www.avito.ru/novosibirsk/noutbuki/noutbuk_hiper_office_hlp_15.6_i5_16512gb_serebr_3968089449?context=H4sIAAAAAAAA_wE_AMD_YToyOntzOjEzOiJsb2NhbFByaW9yaXR5IjtiOjA7czoxOiJ4IjtzOjE2OiJWZDJPeWZIRU16c0Z6b3J0Ijt9_fmhcD8AAAA,
Специалист по работе с клиентами (удаленно),от 70 000 ₽,https://www.avito.ru/novosibirsk/vakansii/spetsialist_po_rabote_s_klientami_udalenno_4774122077?context=H4sIAAAAAAAA_wE_AMD_YToyOntzOjEzOiJsb2NhbFByaW9yaXR5IjtiOjA7czoxOiJ4IjtzOjE2OiJWZDJPeWZIRU16c0Z6b3J0Ijt9_fmhcD8AAAA,"Заельцовская, 16–20 мин."
CNH DPA5 диагностический сканер для спецтехники,45 000 ₽,https://www.avito.ru/novosibirsk/zapchasti_i_aksessuary/cnh_dpa5_diagnosticheskiy_skaner_dlya_spetstehniki_4495934560?context=H4sIAAAAAAAA_wE_AMD_YToyOntzOjEzOiJsb2NhbFByaW9yaXR5IjtiOjA7czoxOiJ4IjtzOjE2OiJWZDJPeWZIRU16c0Z6b3J0Ijt9_fmhcD8AAAA,
Спортивное табло 133*53 см,40 000 ₽,https://www.avito.ru/novosibirsk/sport_i_otdyh/sportivnoe_tablo_13353_sm_4523133237?context=H4sIAAAAAAAA_wE_AMD_YToyOntzOjEzOiJsb2NhbFByaW9yaXR5IjtiOjA7czoxOiJ4IjtzOjE2OiJWZDJPeWZIRU16c0Z6b3J0Ijt9_fmhcD8AAAA,
Термостол с блоком управления термопро,53 000 ₽,https://www.avito.ru/novosibirsk/remont_i_stroitelstvo/termostol_s_blokom_upravleniya_termopro_4578797740?context=H4sIAAAAAAAA_wE_AMD_YToyOntzOjEzOiJsb2NhbFByaW9yaXR5IjtiOjA7czoxOiJ4IjtzOjE2OiJWZDJPeWZIRU16c0Z6b3J0Ijt9_fmhcD8AAAA,
Игровой Пк Intel Core i7 32GB RTX 3060,42 740 ₽,https://www.avito.ru/novosibirsk/nastolnye_kompyutery/igrovoy_pk_intel_core_i7_32gb_rtx_3060_3539034812?context=H4sIAAAAAAAA_wE_AMD_YToyOntzOjEzOiJsb2NhbFByaW9yaXR5IjtiOjA7czoxOiJ4IjtzOjE2OiJWZDJPeWZIRU16c0Z6b3J0Ijt9_fmhcD8AAAA,
Asus VivoBook S15 S533E,60 000 ₽,https://www.avito.ru/novosibirsk/noutbuki/asus_vivobook_s15_s533e_4628128843?context=H4sIAAAAAAAA_wE_AMD_YToyOntzOjEzOiJsb2NhbFByaW9yaXR5IjtiOjA7czoxOiJ4IjtzOjE2OiJWZDJPeWZIRU16c0Z6b3J0Ijt9_fmhcD8AAAA,"Заельцовская, до 5 мин."
Консультант в Т-Банк,от 41 000 ₽,https://www.avito.ru/novosibirsk/vakansii/konsultant_v_t-bank_4233695394?context=H4sIAAAAAAAA_wE_AMD_YToyOntzOjEzOiJsb2NhbFByaW9yaXR5IjtiOjA7czoxOiJ4IjtzOjE2OiJWZDJPeWZIRU16c0Z6b3J0Ijt9_fmhcD8AAAA,"Площадь Ленина, до 5 мин."
"MacBook Air 13 2019 8 256GB, в идеальном состоянии",41 990 ₽,https://www.avito.ru/novosibirsk/noutbuki/macbook_air_13_2019_8_256gb_v_idealnom_sostoyanii_4672004338?context=H4sIAAAAAAAA_wE_AMD_YToyOntzOjEzOiJsb2NhbFByaW9yaXR5IjtiOjA7czoxOiJ4IjtzOjE2OiJWZDJPeWZIRU16c0Z6b3J0Ijt9_fmhcD8AAAA,"Золотая Нива, 6–10 мин."
Acer Nitro 5 15.6 Ryzen 5 3550H / GTX 1650,47 490 ₽,https://www.avito.ru/novosibirsk/noutbuki/acer_nitro_5_15.6_ryzen_5_3550h_gtx_1650_2579662234?context=H4sIAAAAAAAA_wE_AMD_YToyOntzOjEzOiJsb2NhbFByaW9yaXR5IjtiOjA7czoxOiJ4IjtzOjE2OiJWZDJPeWZIRU16c0Z6b3J0Ijt9_fmhcD8AAAA,
"Ноутбук Asus Vivobook 15X 15.6"" oled i5 16/512GB",69 999 ₽,https://www.avito.ru/novosibirsk/noutbuki/noutbuk_asus_vivobook_15x_15.6_oled_i5_16512gb_4608012039?context=H4sIAAAAAAAA_wE_AMD_YToyOntzOjEzOiJsb2NhbFByaW9yaXR5IjtiOjA7czoxOiJ4IjtzOjE2OiJWZDJPeWZIRU16c0Z6b3J0Ijt9_fmhcD8AAAA,"Красный проспект, до 5 мин."
"Ноутбук Lenovo 15.6"" Ryzen3 5300U/8/SSD256 (новый)",40 000 ₽,https://www.avito.ru/novosibirsk/noutbuki/noutbuk_lenovo_15.6_ryzen3_5300u8ssd256_novyy_2682293612?context=H4sIAAAAAAAA_wE_AMD_YToyOntzOjEzOiJsb2NhbFByaW9yaXR5IjtiOjA7czoxOiJ4IjtzOjE2OiJWZDJPeWZIRU16c0Z6b3J0Ijt9_fmhcD8AAAA,"Площадь Гарина-Михайловского, 6–10 мин."
"Стильные игровые пк, тесты в любых играх",39 900 ₽,https://www.avito.ru/novosibirsk/nastolnye_kompyutery/stilnye_igrovye_pk_testy_v_lyubyh_igrah_4327931026?context=H4sIAAAAAAAA_wE_AMD_YToyOntzOjEzOiJsb2NhbFByaW9yaXR5IjtiOjA7czoxOiJ4IjtzOjE2OiJWZDJPeWZIRU16c0Z6b3J0Ijt9_fmhcD8AAAA,"Студенческая, 11–15 мин."
Мфу kyocera 2040dn от профипринт и год гарантии,46 000 ₽,https://www.avito.ru/novosibirsk/orgtehnika_i_rashodniki/mfu_kyocera_2040dn_ot_profiprint_i_god_garantii_2633279345?context=H4sIAAAAAAAA_wE_AMD_YToyOntzOjEzOiJsb2NhbFByaW9yaXR5IjtiOjA7czoxOiJ4IjtzOjE2OiJWZDJPeWZIRU16c0Z6b3J0Ijt9_fmhcD8AAAA,
Системный блок с монитором 165гц,50 000 ₽,https://www.avito.ru/novosibirsk/nastolnye_kompyutery/sistemnyy_blok_s_monitorom_165gts_4722695114?context=H4sIAAAAAAAA_wE_AMD_YToyOntzOjEzOiJsb2NhbFByaW9yaXR5IjtiOjA7czoxOiJ4IjtzOjE2OiJWZDJPeWZIRU16c0Z6b3J0Ijt9_fmhcD8AAAA,
"Ноутбук Lenovo i5-1035/8Гб/SSD256/15.6""/W10P новый",62 000 ₽,https://www.avito.ru/novosibirsk/noutbuki/noutbuk_lenovo_i5-10358gbssd25615.6w10p_novyy_2362383685?context=H4sIAAAAAAAA_wE_AMD_YToyOntzOjEzOiJsb2NhbFByaW9yaXR5IjtiOjA7czoxOiJ4IjtzOjE2OiJWZDJPeWZIRU16c0Z6b3J0Ijt9_fmhcD8AAAA,"Площадь Гарина-Михайловского, 6–10 мин."
Новый Игровой пк i5 10400F + RTX 3050,49 990 ₽,https://www.avito.ru/novosibirsk/nastolnye_kompyutery/novyy_igrovoy_pk_i5_10400f_rtx_3050_4452662914?context=H4sIAAAAAAAA_wE_AMD_YToyOntzOjEzOiJsb2NhbFByaW9yaXR5IjtiOjA7czoxOiJ4IjtzOjE2OiJWZDJPeWZIRU16c0Z6b3J0Ijt9_fmhcD8AAAA,"Сибирская, до 5 мин."
Игровой Пк i3-12100F RTX 3060,47 490 ₽,https://www.avito.ru/novosibirsk/nastolnye_kompyutery/igrovoy_pk_i3-12100f_rtx_3060_4083472349?context=H4sIAAAAAAAA_wE_AMD_YToyOntzOjEzOiJsb2NhbFByaW9yaXR5IjtiOjA7czoxOiJ4IjtzOjE2OiJWZDJPeWZIRU16c0Z6b3J0Ijt9_fmhcD8AAAA,
Рюкзак diesel,31 000 ₽,https://www.avito.ru/novosibirsk/odezhda_obuv_aksessuary/ryukzak_diesel_4120774442?context=H4sIAAAAAAAA_wE_AMD_YToyOntzOjEzOiJsb2NhbFByaW9yaXR5IjtiOjA7czoxOiJ4IjtzOjE2OiJWZDJPeWZIRU16c0Z6b3J0Ijt9_fmhcD8AAAA,
Игровой Пк Белый i5-12400F RTX 3060 16GB SSD,59 990 ₽,https://www.avito.ru/novosibirsk/nastolnye_kompyutery/igrovoy_pk_belyy_i5-12400f_rtx_3060_16gb_ssd_3507084934?context=H4sIAAAAAAAA_wE_AMD_YToyOntzOjEzOiJsb2NhbFByaW9yaXR5IjtiOjA7czoxOiJ4IjtzOjE2OiJWZDJPeWZIRU16c0Z6b3J0Ijt9_fmhcD8AAAA,
Новый Игровой пк i5 10400F + RTX 3060,58 990 ₽,https://www.avito.ru/novosibirsk/nastolnye_kompyutery/novyy_igrovoy_pk_i5_10400f_rtx_3060_4292834840?context=H4sIAAAAAAAA_wE_AMD_YToyOntzOjEzOiJsb2NhbFByaW9yaXR5IjtiOjA7czoxOiJ4IjtzOjE2OiJWZDJPeWZIRU16c0Z6b3J0Ijt9_fmhcD8AAAA,"Сибирская, до 5 мин."
Системный блок,55 000 ₽,https://www.avito.ru/novosibirsk/nastolnye_kompyutery/sistemnyy_blok_4422864584?context=H4sIAAAAAAAA_wE_AMD_YToyOntzOjEzOiJsb2NhbFByaW9yaXR5IjtiOjA7czoxOiJ4IjtzOjE2OiJWZDJPeWZIRU16c0Z6b3J0Ijt9_fmhcD8AAAA,"Берёзовая роща, от 31 мин."
"2-к. квартира, 43,6 м², 13/17 эт.",37 000 ₽ в месяц,https://www.avito.ru/novosibirsk/kvartiry/2-k._kvartira_436_m_1317_et._2446742657?context=H4sIAAAAAAAA_wE_AMD_YToyOntzOjEzOiJsb2NhbFByaW9yaXR5IjtiOjA7czoxOiJ4IjtzOjE2OiJRc2hiU21Oa2gyN2hCWU5WIjt9eeoqUD8AAAA,р-н Калининский
Оператор call-центра (без продаж),47 000 — 54 000 ₽,https://www.avito.ru/novosibirsk/vakansii/operator_call-tsentra_bez_prodazh_4755729358?context=H4sIAAAAAAAA_wE_AMD_YToyOntzOjEzOiJsb2NhbFByaW9yaXR5IjtiOjA7czoxOiJ4IjtzOjE2OiJRc2hiU21Oa2gyN2hCWU5WIjt9eeoqUD8AAAA,"Площадь Ленина, до 5 мин."
"Игровой компьютер i5-12400, 13400 + RTX 4060, 4070",28 500 ₽,https://www.avito.ru/novosibirsk/nastolnye_kompyutery/igrovoy_kompyuter_i5-12400_13400_rtx_4060_4070_3985204784?context=H4sIAAAAAAAA_wE_AMD_YToyOntzOjEzOiJsb2NhbFByaW9yaXR5IjtiOjA7czoxOiJ4IjtzOjE2OiJRc2hiU21Oa2gyN2hCWU5WIjt9eeoqUD8AAAA,
Новый Игровой пк i5 10400F + RTX 3070,65 990 ₽,https://www.avito.ru/novosibirsk/nastolnye_kompyutery/novyy_igrovoy_pk_i5_10400f_rtx_3070_4517221033?context=H4sIAAAAAAAA_wE_AMD_YToyOntzOjEzOiJsb2NhbFByaW9yaXR5IjtiOjA7czoxOiJ4IjtzOjE2OiJRc2hiU21Oa2gyN2hCWU5WIjt9eeoqUD8AAAA,"Сибирская, до 5 мин."
Товаровед оценщик в ломбард,40 000 — 65 000 ₽,https://www.avito.ru/novosibirsk/vakansii/tovaroved_otsenschik_v_lombard_3956669186?context=H4sIAAAAAAAA_wE_AMD_YToyOntzOjEzOiJsb2NhbFByaW9yaXR5IjtiOjA7czoxOiJ4IjtzOjE2OiJRc2hiU21Oa2gyN2hCWU5WIjt9eeoqUD8AAAA,р-н Калининский
Инверторный генератор A-iPower A2000LIS,37 900 ₽,https://www.avito.ru/novosibirsk/remont_i_stroitelstvo/invertornyy_generator_a-ipower_a2000lis_4603556115?context=H4sIAAAAAAAA_wE_AMD_YToyOntzOjEzOiJsb2NhbFByaW9yaXR5IjtiOjA7czoxOiJ4IjtzOjE2OiJRc2hiU21Oa2gyN2hCWU5WIjt9eeoqUD8AAAA,
Удаленный специалист поддержки,35 000 — 60 000 ₽,https://www.avito.ru/novosibirsk/vakansii/udalennyy_spetsialist_podderzhki_4437093190?context=H4sIAAAAAAAA_wE_AMD_YToyOntzOjEzOiJsb2NhbFByaW9yaXR5IjtiOjA7czoxOiJ4IjtzOjE2OiJRc2hiU21Oa2gyN2hCWU5WIjt9eeoqUD8AAAA,"Площадь Ленина, 11–15 мин."
Ультрабук Chuwi CoreBook X Gray,36 000 ₽,https://www.avito.ru/novosibirsk/noutbuki/ultrabuk_chuwi_corebook_x_gray_3908022136?context=H4sIAAAAAAAA_wE_AMD_YToyOntzOjEzOiJsb2NhbFByaW9yaXR5IjtiOjA7czoxOiJ4IjtzOjE2OiJRc2hiU21Oa2gyN2hCWU5WIjt9eeoqUD8AAAA,
Игровой компьютер,48 900 ₽,https://www.avito.ru/novosibirsk/nastolnye_kompyutery/igrovoy_kompyuter_3738566360?context=H4sIAAAAAAAA_wE_AMD_YToyOntzOjEzOiJsb2NhbFByaW9yaXR5IjtiOjA7czoxOiJ4IjtzOjE2OiJRc2hiU21Oa2gyN2hCWU5WIjt9eeoqUD8AAAA,
Gigabyte G5 15.6 144Hz i5-11400H RTX 3060,61 740 ₽,https://www.avito.ru/novosibirsk/noutbuki/gigabyte_g5_15.6_144hz_i5-11400h_rtx_3060_3635226440?context=H4sIAAAAAAAA_wE_AMD_YToyOntzOjEzOiJsb2NhbFByaW9yaXR5IjtiOjA7czoxOiJ4IjtzOjE2OiJRc2hiU21Oa2gyN2hCWU5WIjt9eeoqUD8AAAA,
Новый Игровой пк i3 12100F + GTX 1660S,44 999 ₽,https://www.avito.ru/novosibirsk/nastolnye_kompyutery/novyy_igrovoy_pk_i3_12100f_gtx_1660s_4677084288?context=H4sIAAAAAAAA_wE_AMD_YToyOntzOjEzOiJsb2NhbFByaW9yaXR5IjtiOjA7czoxOiJ4IjtzOjE2OiJRc2hiU21Oa2gyN2hCWU5WIjt9eeoqUD8AAAA,"Сибирская, до 5 мин."
Новый Игровой пк i5 12100F + GTX 1660S,44 990 ₽,https://www.avito.ru/novosibirsk/nastolnye_kompyutery/novyy_igrovoy_pk_i5_12100f_gtx_1660s_4677117841?context=H4sIAAAAAAAA_wE_AMD_YToyOntzOjEzOiJsb2NhbFByaW9yaXR5IjtiOjA7czoxOiJ4IjtzOjE2OiJRc2hiU21Oa2gyN2hCWU5WIjt9eeoqUD8AAAA,"Сибирская, до 5 мин."
Новый Игровой пк R5 5600 + RX 7600,61 990 ₽,https://www.avito.ru/novosibirsk/nastolnye_kompyutery/novyy_igrovoy_pk_r5_5600_rx_7600_4388520491?context=H4sIAAAAAAAA_wE_AMD_YToyOntzOjEzOiJsb2NhbFByaW9yaXR5IjtiOjA7czoxOiJ4IjtzOjE2OiJRc2hiU21Oa2gyN2hCWU5WIjt9eeoqUD8AAAA,"Сибирская, до 5 мин."
MacBook Pro 13” 2017 Core i5 8GB 256GB TouchBar,38 990 ₽,https://www.avito.ru/novosibirsk/noutbuki/macbook_pro_13_2017_core_i5_8gb_256gb_touchbar_4704225325?context=H4sIAAAAAAAA_wE_AMD_YToyOntzOjEzOiJsb2NhbFByaW9yaXR5IjtiOjA7czoxOiJ4IjtzOjE2OiJRc2hiU21Oa2gyN2hCWU5WIjt9eeoqUD8AAAA,"Золотая Нива, до 5 мин."
"Игровой пк i5 9400F, 16Gb, GTX 1660 Super 6Gb",39 900 ₽,https://www.avito.ru/novosibirsk/nastolnye_kompyutery/igrovoy_pk_i5_9400f_16gb_gtx_1660_super_6gb_4759474280?context=H4sIAAAAAAAA_wE_AMD_YToyOntzOjEzOiJsb2NhbFByaW9yaXR5IjtiOjA7czoxOiJ4IjtzOjE2OiJRc2hiU21Oa2gyN2hCWU5WIjt9eeoqUD8AAAA,"Маршала Покрышкина, до 5 мин."
MacBook Air 2020 M1 Space Gray MGN63 (M1/8GB/256),69 000 ₽,https://www.avito.ru/novosibirsk/noutbuki/macbook_air_2020_m1_space_gray_mgn63_m18gb256_4220495671?context=H4sIAAAAAAAA_wE_AMD_YToyOntzOjEzOiJsb2NhbFByaW9yaXR5IjtiOjA7czoxOiJ4IjtzOjE2OiJRc2hiU21Oa2gyN2hCWU5WIjt9eeoqUD8AAAA,"Золотая Нива, от 31 мин."
Новый Игровой пк i3 10100F + GTX 1660S,38 990 ₽,https://www.avito.ru/novosibirsk/nastolnye_kompyutery/novyy_igrovoy_pk_i3_10100f_gtx_1660s_3844733809?context=H4sIAAAAAAAA_wE_AMD_YToyOntzOjEzOiJsb2NhbFByaW9yaXR5IjtiOjA7czoxOiJ4IjtzOjE2OiJRc2hiU21Oa2gyN2hCWU5WIjt9eeoqUD8AAAA,"Сибирская, до 5 мин."
Отбойный молоток Hilti TE 905-AVR,35 000 ₽,https://www.avito.ru/novosibirsk/remont_i_stroitelstvo/otboynyy_molotok_hilti_te_905-avr_4292151656?context=H4sIAAAAAAAA_wE_AMD_YToyOntzOjEzOiJsb2NhbFByaW9yaXR5IjtiOjA7czoxOiJ4IjtzOjE2OiJRc2hiU21Oa2gyN2hCWU5WIjt9eeoqUD8AAAA,
Новый Игровой пк i3 12100F + GTX 1660 Super,44 990 ₽,https://www.avito.ru/novosibirsk/nastolnye_kompyutery/novyy_igrovoy_pk_i3_12100f_gtx_1660_super_4645162601?context=H4sIAAAAAAAA_wE_AMD_YToyOntzOjEzOiJsb2NhbFByaW9yaXR5IjtiOjA7czoxOiJ4IjtzOjE2OiJRc2hiU21Oa2gyN2hCWU5WIjt9eeoqUD8AAAA,"Сибирская, до 5 мин."
Раскладные стулья FrontRunner с чехлами 2 шт,35 000 ₽,https://www.avito.ru/novosibirsk/sport_i_otdyh/raskladnye_stulya_frontrunner_s_chehlami_2_sht_4553616013?context=H4sIAAAAAAAA_wE_AMD_YToyOntzOjEzOiJsb2NhbFByaW9yaXR5IjtiOjA7czoxOiJ4IjtzOjE2OiJRc2hiU21Oa2gyN2hCWU5WIjt9eeoqUD8AAAA,"Речной вокзал, 6–10 мин."
Новый Игровой пк i5 12400F + RTX 3050,54 990 ₽,https://www.avito.ru/novosibirsk/nastolnye_kompyutery/novyy_igrovoy_pk_i5_12400f_rtx_3050_4356856665?context=H4sIAAAAAAAA_wE_AMD_YToyOntzOjEzOiJsb2NhbFByaW9yaXR5IjtiOjA7czoxOiJ4IjtzOjE2OiJRc2hiU21Oa2gyN2hCWU5WIjt9eeoqUD8AAAA,"Сибирская, до 5 мин."
Новый Игровой пк i3 10100F + GTX 1660S,42 990 ₽,https://www.avito.ru/novosibirsk/nastolnye_kompyutery/novyy_igrovoy_pk_i3_10100f_gtx_1660s_4164740694?context=H4sIAAAAAAAA_wE_AMD_YToyOntzOjEzOiJsb2NhbFByaW9yaXR5IjtiOjA7czoxOiJ4IjtzOjE2OiJRc2hiU21Oa2gyN2hCWU5WIjt9eeoqUD8AAAA,"Сибирская, до 5 мин."
Новый Игровой пк i5 12400F + RTX 3060Ti,64 990 ₽,https://www.avito.ru/novosibirsk/nastolnye_kompyutery/novyy_igrovoy_pk_i5_12400f_rtx_3060ti_4357322081?context=H4sIAAAAAAAA_wE_AMD_YToyOntzOjEzOiJsb2NhbFByaW9yaXR5IjtiOjA7czoxOiJ4IjtzOjE2OiJRc2hiU21Oa2gyN2hCWU5WIjt9eeoqUD8AAAA,"Сибирская, до 5 мин."
Портативная зарядная станция 240 000 мАч,54 648 ₽,https://www.avito.ru/novosibirsk/planshety_i_elektronnye_knigi/portativnaya_zaryadnaya_stantsiya_240_000_mach_4505296152?context=H4sIAAAAAAAA_wE_AMD_YToyOntzOjEzOiJsb2NhbFByaW9yaXR5IjtiOjA7czoxOiJ4IjtzOjE2OiJRc2hiU21Oa2gyN2hCWU5WIjt9eeoqUD8AAAA,
Инверторный генератор TSS SGG 2400Si,34 226 ₽,https://www.avito.ru/novosibirsk/remont_i_stroitelstvo/invertornyy_generator_tss_sgg_2400si_4604409583?context=H4sIAAAAAAAA_wE_AMD_YToyOntzOjEzOiJsb2NhbFByaW9yaXR5IjtiOjA7czoxOiJ4IjtzOjE2OiJRc2hiU21Oa2gyN2hCWU5WIjt9eeoqUD8AAAA,
Acer Nitro 5 AN515-57,65 000 ₽,https://www.avito.ru/novosibirsk/noutbuki/acer_nitro_5_an515-57_3862805866?context=H4sIAAAAAAAA_wE_AMD_YToyOntzOjEzOiJsb2NhbFByaW9yaXR5IjtiOjA7czoxOiJ4IjtzOjE2OiJRc2hiU21Oa2gyN2hCWU5WIjt9eeoqUD8AAAA,
Игровой Пк i5-12400F RTX 3060 16GB SSD 1TB,63 990 ₽,https://www.avito.ru/novosibirsk/nastolnye_kompyutery/igrovoy_pk_i5-12400f_rtx_3060_16gb_ssd_1tb_3059094489?context=H4sIAAAAAAAA_wE_AMD_YToyOntzOjEzOiJsb2NhbFByaW9yaXR5IjtiOjA7czoxOiJ4IjtzOjE2OiJRc2hiU21Oa2gyN2hCWU5WIjt9eeoqUD8AAAA,
Игровой Компьютер Core i5 10th RTX 3060 16GB SSD,47 490 ₽,https://www.avito.ru/novosibirsk/nastolnye_kompyutery/igrovoy_kompyuter_core_i5_10th_rtx_3060_16gb_ssd_2867660174?context=H4sIAAAAAAAA_wE_AMD_YToyOntzOjEzOiJsb2NhbFByaW9yaXR5IjtiOjA7czoxOiJ4IjtzOjE2OiJRc2hiU21Oa2gyN2hCWU5WIjt9eeoqUD8AAAA,
Светодиодный LED экран,44 000 ₽,https://www.avito.ru/novosibirsk/oborudovanie_dlya_biznesa/svetodiodnyy_led_ekran_3552854176?context=H4sIAAAAAAAA_wE_AMD_YToyOntzOjEzOiJsb2NhbFByaW9yaXR5IjtiOjA7czoxOiJ4IjtzOjE2OiJRc2hiU21Oa2gyN2hCWU5WIjt9eeoqUD8AAAA,"Площадь Ленина, до 5 мин."
Компактный системный блок,45 000 ₽,https://www.avito.ru/novosibirsk/nastolnye_kompyutery/kompaktnyy_sistemnyy_blok_2452922673?context=H4sIAAAAAAAA_wE_AMD_YToyOntzOjEzOiJsb2NhbFByaW9yaXR5IjtiOjA7czoxOiJ4IjtzOjE2OiJRc2hiU21Oa2gyN2hCWU5WIjt9eeoqUD8AAAA,"Золотая Нива, от 31 мин."
Mercedes MB Star Diagnosis Connect C4 Doip,50 000 ₽,https://www.avito.ru/novosibirsk/zapchasti_i_aksessuary/mercedes_mb_star_diagnosis_connect_c4_doip_2541605998?context=H4sIAAAAAAAA_wE_AMD_YToyOntzOjEzOiJsb2NhbFByaW9yaXR5IjtiOjA7czoxOiJ4IjtzOjE2OiJRc2hiU21Oa2gyN2hCWU5WIjt9eeoqUD8AAAA,
Инверторный генератор Kipor ig2600 2.6кВт,54 000 ₽,https://www.avito.ru/novosibirsk/remont_i_stroitelstvo/invertornyy_generator_kipor_ig2600_2.6kvt_4526469384?context=H4sIAAAAAAAA_wE_AMD_YToyOntzOjEzOiJsb2NhbFByaW9yaXR5IjtiOjA7czoxOiJ4IjtzOjE2OiJRc2hiU21Oa2gyN2hCWU5WIjt9eeoqUD8AAAA,"Площадь Маркса, до 5 мин."
Аккумулятор 12v тяговый lifepo4,39 998 ₽,https://www.avito.ru/novosibirsk/zapchasti_i_aksessuary/akkumulyator_12v_tyagovyy_lifepo4_4429914598?context=H4sIAAAAAAAA_wE_AMD_YToyOntzOjEzOiJsb2NhbFByaW9yaXR5IjtiOjA7czoxOiJ4IjtzOjE2OiJRc2hiU21Oa2gyN2hCWU5WIjt9eeoqUD8AAAA,"Берёзовая роща, от 31 мин."
Новый Игровой пк i5 10400F + RTX 2060 Super,50 990 ₽,https://www.avito.ru/novosibirsk/nastolnye_kompyutery/novyy_igrovoy_pk_i5_10400f_rtx_2060_super_4293054604?context=H4sIAAAAAAAA_wE_AMD_YToyOntzOjEzOiJsb2NhbFByaW9yaXR5IjtiOjA7czoxOiJ4IjtzOjE2OiJRc2hiU21Oa2gyN2hCWU5WIjt9eeoqUD8AAAA,"Сибирская, до 5 мин."
Инверторный генератор,33 480 ₽,https://www.avito.ru/novosibirsk/remont_i_stroitelstvo/invertornyy_generator_2621468573?context=H4sIAAAAAAAA_wE_AMD_YToyOntzOjEzOiJsb2NhbFByaW9yaXR5IjtiOjA7czoxOiJ4IjtzOjE2OiJRc2hiU21Oa2gyN2hCWU5WIjt9eeoqUD8AAAA,"Площадь Маркса, от 31 мин."
Игровой пк i5-7400/gtx1650,28 500 ₽,https://www.avito.ru/novosibirsk/nastolnye_kompyutery/igrovoy_pk_i5-7400gtx1650_4560517984?context=H4sIAAAAAAAA_wE_AMD_YToyOntzOjEzOiJsb2NhbFByaW9yaXR5IjtiOjA7czoxOiJ4IjtzOjE2OiJRc2hiU21Oa2gyN2hCWU5WIjt9eeoqUD8AAAA,"Берёзовая роща, 6–10 мин."
Игровой пк MSI Intel Core i5 10th + RTX 3070,61 740 ₽,https://www.avito.ru/novosibirsk/nastolnye_kompyutery/igrovoy_pk_msi_intel_core_i5_10th_rtx_3070_3091723561?context=H4sIAAAAAAAA_wE_AMD_YToyOntzOjEzOiJsb2NhbFByaW9yaXR5IjtiOjA7czoxOiJ4IjtzOjE2OiJRc2hiU21Oa2gyN2hCWU5WIjt9eeoqUD8AAAA,
Игровой пк Ryzen 7 RTX 3060,47 490 ₽,https://www.avito.ru/novosibirsk/nastolnye_kompyutery/igrovoy_pk_ryzen_7_rtx_3060_3827166071?context=H4sIAAAAAAAA_wE_AMD_YToyOntzOjEzOiJsb2NhbFByaW9yaXR5IjtiOjA7czoxOiJ4IjtzOjE2OiJRc2hiU21Oa2gyN2hCWU5WIjt9eeoqUD8AAAA,
Новый Игровой пк i5 10400F +RTX 2060S,53 999 ₽,https://www.avito.ru/novosibirsk/nastolnye_kompyutery/novyy_igrovoy_pk_i5_10400f_rtx_2060s_3812647406?context=H4sIAAAAAAAA_wE_AMD_YToyOntzOjEzOiJsb2NhbFByaW9yaXR5IjtiOjA7czoxOiJ4IjtzOjE2OiJRc2hiU21Oa2gyN2hCWU5WIjt9eeoqUD8AAAA,"Сибирская, до 5 мин."
Инверторный генератор foxweld GIN 1500,36 000 ₽,https://www.avito.ru/novosibirsk/remont_i_stroitelstvo/invertornyy_generator_foxweld_gin_1500_3050007878?context=H4sIAAAAAAAA_wE_AMD_YToyOntzOjEzOiJsb2NhbFByaW9yaXR5IjtiOjA7czoxOiJ4IjtzOjE2OiJRc2hiU21Oa2gyN2hCWU5WIjt9eeoqUD8AAAA,
Сумка шоппер LV Louis Vuitton,30 000 ₽,https://www.avito.ru/novosibirsk/odezhda_obuv_aksessuary/sumka_shopper_lv_louis_vuitton_4587653639?context=H4sIAAAAAAAA_wE_AMD_YToyOntzOjEzOiJsb2NhbFByaW9yaXR5IjtiOjA7czoxOiJ4IjtzOjE2OiJRc2hiU21Oa2gyN2hCWU5WIjt9eeoqUD8AAAA,
Новый Игровой пк i3 10100F + GTX 1660,38 990 ₽,https://www.avito.ru/novosibirsk/nastolnye_kompyutery/novyy_igrovoy_pk_i3_10100f_gtx_1660_4325411341?context=H4sIAAAAAAAA_wE_AMD_YToyOntzOjEzOiJsb2NhbFByaW9yaXR5IjtiOjA7czoxOiJ4IjtzOjE2OiJRc2hiU21Oa2gyN2hCWU5WIjt9eeoqUD8AAAA,"Сибирская, до 5 мин."
Прихожая,30 500 ₽,https://www.avito.ru/novosibirsk/mebel_i_interer/prihozhaya_1327891563?context=H4sIAAAAAAAA_wE_AMD_YToyOntzOjEzOiJsb2NhbFByaW9yaXR5IjtiOjA7czoxOiJ4IjtzOjE2OiJRc2hiU21Oa2gyN2hCWU5WIjt9eeoqUD8AAAA,"Берёзовая роща, до 5 мин."
Стоматологический Комплект Визуализации.Монитор,35 760 ₽,https://www.avito.ru/novosibirsk/oborudovanie_dlya_biznesa/stomatologicheskiy_komplekt_vizualizatsii.monitor_2272503241?context=H4sIAAAAAAAA_wE_AMD_YToyOntzOjEzOiJsb2NhbFByaW9yaXR5IjtiOjA7czoxOiJ4IjtzOjE2OiJRc2hiU21Oa2gyN2hCWU5WIjt9eeoqUD8AAAA,"Площадь Ленина, до 5 мин."
Lenovo thinkbook 15 g2 itl,38 250 ₽,https://www.avito.ru/novosibirsk/noutbuki/lenovo_thinkbook_15_g2_itl_4149443861?context=H4sIAAAAAAAA_wE_AMD_YToyOntzOjEzOiJsb2NhbFByaW9yaXR5IjtiOjA7czoxOiJ4IjtzOjE2OiJRc2hiU21Oa2gyN2hCWU5WIjt9eeoqUD8AAAA,
"Новый игровой пк Ryzen 5500, RTX 2060 Super 8Gb, 6Мес Гарантия",57 900 ₽,https://www.avito.ru/novosibirsk/nastolnye_kompyutery/novyy_igrovoy_pk_ryzen_5500_rtx_2060_super_8gb_6mes_garantiya_4823768923?context=H4sIAAAAAAAA_wE_AMD_YToyOntzOjEzOiJsb2NhbFByaW9yaXR5IjtiOjA7czoxOiJ4IjtzOjE2OiJRc2hiU21Oa2gyN2hCWU5WIjt9eeoqUD8AAAA,"Маршала Покрышкина, до 5 мин."
Видео Экран P10 SMD 1970х690 мм,41 000 ₽,https://www.avito.ru/novosibirsk/oborudovanie_dlya_biznesa/video_ekran_p10_smd_1970h690_mm_3035142961?context=H4sIAAAAAAAA_wE_AMD_YToyOntzOjEzOiJsb2NhbFByaW9yaXR5IjtiOjA7czoxOiJ4IjtzOjE2OiJRc2hiU21Oa2gyN2hCWU5WIjt9eeoqUD8AAAA,
Новый Игровой пк i5 12400F + RTX 3060,69 990 ₽,https://www.avito.ru/novosibirsk/nastolnye_kompyutery/novyy_igrovoy_pk_i5_12400f_rtx_3060_4325349215?context=H4sIAAAAAAAA_wE_AMD_YToyOntzOjEzOiJsb2NhbFByaW9yaXR5IjtiOjA7czoxOiJ4IjtzOjE2OiJRc2hiU21Oa2gyN2hCWU5WIjt9eeoqUD8AAAA,"Сибирская, до 5 мин."
Новый Игровой пк R5 5500 + RTX 3060,67 990 ₽,https://www.avito.ru/novosibirsk/nastolnye_kompyutery/novyy_igrovoy_pk_r5_5500_rtx_3060_4644647478?context=H4sIAAAAAAAA_wE_AMD_YToyOntzOjEzOiJsb2NhbFByaW9yaXR5IjtiOjA7czoxOiJ4IjtzOjE2OiJRc2hiU21Oa2gyN2hCWU5WIjt9eeoqUD8AAAA,"Сибирская, до 5 мин."
Новый Игровой пк i3 12100F + GTX 1660S,44 990 ₽,https://www.avito.ru/novosibirsk/nastolnye_kompyutery/novyy_igrovoy_pk_i3_12100f_gtx_1660s_4581466164?context=H4sIAAAAAAAA_wE_AMD_YToyOntzOjEzOiJsb2NhbFByaW9yaXR5IjtiOjA7czoxOiJ4IjtzOjE2OiJRc2hiU21Oa2gyN2hCWU5WIjt9eeoqUD8AAAA,"Сибирская, до 5 мин."
